"baseMean","log2FoldChange","lfcSE","stat","pvalue","padj","gene_id","ensembl_id","symbol","gene_name"
10523.5330963725,6.57834716355752,0.238539570141589,27.5775929320776,2.06636088166653e-167,3.33675955171512e-163,"ENSG00000119508.18","ENSG00000119508","NR4A3","nuclear receptor subfamily 4 group A member 3"
2995.79517842765,6.1819307420339,0.257705919294843,23.9883148937728,3.68250264237128e-127,2.97325263345057e-123,"ENSG00000185022.12","ENSG00000185022","MAFF","MAF bZIP transcription factor F"
12112.437689849,3.54327494093812,0.242375087259735,14.6189733482842,2.12581737060193e-48,1.144256630016e-44,"ENSG00000123358.20","ENSG00000123358","NR4A1","nuclear receptor subfamily 4 group A member 1"
1279.3784090461,2.3779881671477,0.187285746236379,12.6971123800653,6.13519358245792e-37,2.47677764923826e-33,"ENSG00000144136.11","ENSG00000144136","SLC20A1","solute carrier family 20 member 1"
935.427507700463,2.37539835273619,0.188170736326846,12.6236331913492,1.56434012292615e-36,5.05219286100229e-33,"ENSG00000006210.7","ENSG00000006210","CX3CL1","C-X3-C motif chemokine ligand 1"
11868.269633591,2.07172293816177,0.164417637352649,12.6003692275316,2.10158394903985e-36,5.65606293484925e-33,"ENSG00000112715.26","ENSG00000112715","VEGFA","vascular endothelial growth factor A"
874.782203201636,2.46194328292157,0.197420422744925,12.4705602829273,1.08063551571217e-35,2.49287175824573e-32,"ENSG00000117461.15","ENSG00000117461","PIK3R3","phosphoinositide-3-kinase regulatory subunit 3"
6227.91770276519,2.41789583472647,0.200314167655618,12.0705183413854,1.51179040887105e-33,3.05154894030621e-30,"ENSG00000148339.13","ENSG00000148339","SLC25A25","solute carrier family 25 member 25"
25743.8762882334,2.38924743926884,0.199612387332821,11.9694347189244,5.13774631390981e-33,9.21825860855729e-30,"ENSG00000158022.7","ENSG00000158022","TRIM63","tripartite motif containing 63"
164.940469573177,4.20140998760091,0.364255137795199,11.5342504515698,8.86559946302044e-31,1.43161700128854e-27,"ENSG00000158050.5","ENSG00000158050","DUSP2","dual specificity phosphatase 2"
383.08742950703,2.92468394894759,0.264413125371447,11.061039215958,1.93838504517988e-28,2.84554924632406e-25,"ENSG00000280007.1","ENSG00000280007",NA,NA
989.772386924042,2.08335921975846,0.190722914368392,10.9234867066594,8.90117427649582e-28,1.19780135180712e-24,"ENSG00000129993.15","ENSG00000129993","CBFA2T3","CBFA2/RUNX1 partner transcriptional co-repressor 3"
571.378455186724,2.52505693111703,0.231739665207191,10.8960929448977,1.20313266911033e-27,1.49447587236874e-24,"ENSG00000176907.5","ENSG00000176907","TCIM","transcriptional and immune response regulator"
564.973545147729,2.17400959073474,0.205361250587308,10.5862697296464,3.45070155610449e-26,3.98013776628395e-23,"ENSG00000137193.14","ENSG00000137193","PIM1","Pim-1 proto-oncogene, serine/threonine kinase"
11236.3323592675,2.36052094524015,0.227263877289046,10.3866966162771,2.8505534621406e-25,3.06871582044309e-22,"ENSG00000134107.5","ENSG00000134107","BHLHE40","basic helix-loop-helix family member e40"
5425.73774438094,1.94582743197424,0.189537857075606,10.2661677302707,1.00102466803634e-24,1.01028414621568e-21,"ENSG00000124145.6","ENSG00000124145","SDC4","syndecan 4"
141.298095618861,3.18749502574642,0.314159075296024,10.146117926859,3.44807636819162e-24,3.27526689373873e-21,"ENSG00000131979.20","ENSG00000131979","GCH1","GTP cyclohydrolase 1"
240.91794455714,2.83682765207997,0.280331691366976,10.1195396005596,4.52539268114666e-24,4.05978005639757e-21,"ENSG00000177464.5","ENSG00000177464","GPR4","G protein-coupled receptor 4"
634.140023124035,1.89993118979622,0.196565491629203,9.66563954867626,4.21975896296686e-22,3.58635093336784e-19,"ENSG00000164465.19","ENSG00000164465","DCBLD1","discoidin, CUB and LCCL domain containing 1"
882.824980782127,1.92270534364112,0.199316200203513,9.64650811965075,5.08580538191842e-22,4.10627926536093e-19,"ENSG00000164683.19","ENSG00000164683","HEY1","hes related family bHLH transcription factor with YRPW motif 1"
175.185187527056,3.2601466876652,0.345786455448438,9.42820817963281,4.17153965739386e-21,3.20771535179029e-18,"ENSG00000113739.11","ENSG00000113739","STC2","stanniocalcin 2"
3048.07683191738,1.53348469144752,0.16451591832692,9.32119339601069,1.15038990669989e-20,8.44386191517717e-18,"ENSG00000198355.5","ENSG00000198355","PIM3","Pim-3 proto-oncogene, serine/threonine kinase"
99.0576792794565,3.50054119396839,0.378988372034409,9.23653983149269,2.54597279112274e-20,1.78749428830652e-17,"ENSG00000158859.10","ENSG00000158859","ADAMTS4","ADAM metallopeptidase with thrombospondin type 1 motif 4"
196.135615360736,2.70600805518674,0.299020309205451,9.04957948300258,1.43519970834104e-19,9.6565020376213e-17,"ENSG00000275178.1","ENSG00000275178",NA,NA
943.616618970176,-1.67906410408113,0.189485203548318,-8.86118848669351,7.91658880423057e-19,5.11348304042861e-16,"ENSG00000130222.11","ENSG00000130222","GADD45G","growth arrest and DNA damage inducible gamma"
636.467995738918,1.90701908229802,0.216088316794295,8.82518365911195,1.09280321583357e-18,6.53577271454834e-16,"ENSG00000099860.9","ENSG00000099860","GADD45B","growth arrest and DNA damage inducible beta"
690.457831685827,1.6796192781796,0.190269359494298,8.82758675723576,1.06958401184639e-18,6.53577271454834e-16,"ENSG00000100292.18","ENSG00000100292","HMOX1","heme oxygenase 1"
654.387632183898,1.74935889054348,0.198501428548077,8.81282771282314,1.22028014946125e-18,7.03752994767866e-16,"ENSG00000185112.6","ENSG00000185112","FAM43A","family with sequence similarity 43 member A"
680.589972015033,-1.82481556791506,0.209078094805597,-8.72791369948054,2.59413477279348e-18,1.44448580382997e-15,"ENSG00000099194.6","ENSG00000099194","SCD","stearoyl-CoA desaturase"
5187.55156860709,1.48038333168775,0.169940940722251,8.71116356892048,3.00771285852816e-18,1.61895157465042e-15,"ENSG00000117479.15","ENSG00000117479","SLC19A2","solute carrier family 19 member 2"
14688.0854985297,1.63819749451608,0.189938200855851,8.62489739891425,6.41501409548003e-18,3.3416015359294e-15,"ENSG00000182676.5","ENSG00000182676","PPP1R27","protein phosphatase 1 regulatory subunit 27"
188.380388995119,2.278042194379,0.268215875573115,8.49331602579957,2.00823256548362e-17,1.01340435835717e-14,"ENSG00000104081.14","ENSG00000104081","BMF","Bcl2 modifying factor"
138.711278112705,2.52160899797469,0.304629815640768,8.27761718816215,1.25664443848108e-16,6.14918011896742e-14,"ENSG00000149573.9","ENSG00000149573","MPZL2","myelin protein zero like 2"
734.159584475574,1.59256725676544,0.194355262030482,8.19410413758528,2.52466417552292e-16,1.19906697371601e-13,"ENSG00000125753.15","ENSG00000125753","VASP","vasodilator stimulated phosphoprotein"
567.351826046773,1.62598489139899,0.201050613185933,8.08744059832968,6.09315305844835e-16,2.81120673108069e-13,"ENSG00000119523.10","ENSG00000119523","ALG2","ALG2 alpha-1,3/1,6-mannosyltransferase"
526.476829614967,1.72234661254838,0.213654910292471,8.06134813466568,7.5457595585983e-16,3.3846923708957e-13,"ENSG00000005102.14","ENSG00000005102","MEOX1","mesenchyme homeobox 1"
1121.97759037143,2.07637054605681,0.259987090406195,7.98643710659927,1.38894575315861e-15,6.06180973567711e-13,"ENSG00000144655.15","ENSG00000144655","CSRNP1","cysteine and serine rich nuclear protein 1"
2907.94254286533,1.35870989183465,0.171485293024943,7.92318611040904,2.31500677384204e-15,9.83756036421085e-13,"ENSG00000179918.19","ENSG00000179918","SEPHS2","selenophosphate synthetase 2"
594.370893387944,1.52157264708778,0.192879648690257,7.88871535913701,3.05312995288697e-15,1.26415237126202e-12,"ENSG00000163909.8","ENSG00000163909","HEYL","hes related family bHLH transcription factor with YRPW motif like"
1269.77765284389,1.43677689650051,0.183748541361995,7.81925606511334,5.31364231215105e-15,2.11346035245093e-12,"ENSG00000103196.12","ENSG00000103196","CRISPLD2","cysteine rich secretory protein LCCL domain containing 2"
2472.99659286416,1.34928056185378,0.172585989772544,7.8180190850488,5.3661056756557e-15,2.11346035245093e-12,"ENSG00000167460.17","ENSG00000167460","TPM4","tropomyosin 4"
557.847337416796,-1.54829238397476,0.198453654206025,-7.80178319300381,6.1038448549391e-15,2.34678301708468e-12,"ENSG00000121858.11","ENSG00000121858","TNFSF10","TNF superfamily member 10"
92.8844834640866,2.84834270839076,0.366253982259397,7.77696037820401,7.42878606667376e-15,2.789768311736e-12,"ENSG00000160051.12","ENSG00000160051","IQCC","IQ motif containing C"
449.408496131847,1.6744332716438,0.217121126595866,7.7119776315479,1.23882849005e-14,4.5465005584835e-12,"ENSG00000187479.9","ENSG00000187479","C11orf96","chromosome 11 open reading frame 96"
322.129398472487,-1.82656882553517,0.238668450638387,-7.65316413061504,1.96093366051376e-14,7.0367014999947e-12,"ENSG00000166819.12","ENSG00000166819","PLIN1","perilipin 1"
76.2537282258236,3.04158294638106,0.401152310844186,7.58211498266168,3.39966769417628e-14,1.19343117229475e-11,"ENSG00000131910.5","ENSG00000131910","NR0B2","nuclear receptor subfamily 0 group B member 2"
541.27985998774,2.01522671493996,0.266088984191192,7.57350673897858,3.6328185617522e-14,1.24814370500371e-11,"ENSG00000136826.15","ENSG00000136826","KLF4","KLF transcription factor 4"
946.405148107863,1.41122007613218,0.187211557568226,7.53810338668798,4.7685575323559e-14,1.59078956995996e-11,"ENSG00000131759.18","ENSG00000131759","RARA","retinoic acid receptor alpha"
342.060894280166,1.71512925716524,0.227576046250787,7.53651047823893,4.82714199455276e-14,1.59078956995996e-11,"ENSG00000130164.15","ENSG00000130164","LDLR","low density lipoprotein receptor"
999.23658169807,-1.33362157976309,0.177869527040013,-7.49775187440105,6.49216436835331e-14,2.09670940440338e-11,"ENSG00000007944.15","ENSG00000007944","MYLIP","myosin regulatory light chain interacting protein"
45.0277030410394,4.99701671902975,0.667385234202277,7.48745471572002,7.02220807676903e-14,2.2234238436013e-11,"ENSG00000105523.4","ENSG00000105523","SACK1E","scaffolding CK1 anchoring protein E"
3599.46957356876,1.19724000473889,0.160942671524822,7.43892215405558,1.01510117323075e-13,3.15227956640963e-11,"ENSG00000171604.12","ENSG00000171604","CXXC5","CXXC finger protein 5"
338.018384493079,1.65910517208394,0.224337652379822,7.39557160594217,1.40801258336285e-13,4.28992211247988e-11,"ENSG00000148926.10","ENSG00000148926","ADM","adrenomedullin"
222.836732681755,-1.81760557830386,0.246003343450491,-7.38854014262477,1.48449609424259e-13,4.43919313515359e-11,"ENSG00000101445.10","ENSG00000101445","PPP1R16B","protein phosphatase 1 regulatory subunit 16B"
398.261400268684,2.2732619535458,0.308289389566684,7.37379238624132,1.65841388539738e-13,4.86910316752669e-11,"ENSG00000136997.22","ENSG00000136997","MYC","MYC proto-oncogene, bHLH transcription factor"
256.30019249736,1.81307686689435,0.246815418641292,7.34588169926847,2.04407110369674e-13,5.89422503258839e-11,"ENSG00000289009.2","ENSG00000289009",NA,NA
899.896487080842,1.66468813172047,0.227006544314214,7.33321647950498,2.24693542836582e-13,6.36552864864057e-11,"ENSG00000203883.7","ENSG00000203883","SOX18","SRY-box transcription factor 18"
1100.22532965426,1.35639645515121,0.187218767046005,7.24498124067825,4.32499063742354e-13,1.20413704850199e-10,"ENSG00000185669.6","ENSG00000185669","SNAI3","snail family transcriptional repressor 3"
1347.53431853121,1.91456303609663,0.267382098827864,7.16040095612082,8.04414312657577e-13,2.20164107132111e-10,"ENSG00000125968.9","ENSG00000125968","ID1","inhibitor of DNA binding 1"
404.419411668607,2.05155538812208,0.291018805732092,7.04956294134033,1.79480635502873e-12,4.83042217016734e-10,"ENSG00000161835.11","ENSG00000161835","TAMALIN","trafficking regulator and scaffold protein tamalin"
796.048973595218,1.45100824022172,0.20805062423285,6.97430370887883,3.07389393436761e-12,8.13725233642101e-10,"ENSG00000168874.13","ENSG00000168874","ATOH8","atonal bHLH transcription factor 8"
41.0404774015598,4.46357855256108,0.641438466006898,6.9587010899859,3.43424285500184e-12,8.94454090686609e-10,"ENSG00000279602.2","ENSG00000279602",NA,NA
7063.85016843717,1.10106020407534,0.159225414213598,6.91510340552978,4.67522219491995e-12,1.1983410794217e-09,"ENSG00000170162.14","ENSG00000170162","VGLL2","vestigial like family member 2"
704.411841143133,1.97015897357015,0.285246353091967,6.90686822886371,4.95469758258441e-12,1.25013213380583e-09,"ENSG00000140961.14","ENSG00000140961","OSGIN1","oxidative stress induced growth inhibitor 1"
1349.04231652234,1.2970450434359,0.188397286548503,6.88462698798996,5.79391496070614e-12,1.43938675054589e-09,"ENSG00000131016.17","ENSG00000131016","AKAP12","A-kinase anchoring protein 12"
398.545192093321,1.44569282583637,0.210764202194217,6.8592901962743,6.92035319155227e-12,1.69317974753312e-09,"ENSG00000166886.13","ENSG00000166886","NAB2","NGFI-A binding protein 2"
6537.07154191304,-1.12068789695797,0.164926743146876,-6.79506473950038,1.08263900802922e-11,2.57094922083175e-09,"ENSG00000134294.14","ENSG00000134294","SLC38A2","solute carrier family 38 member 2"
2480.2249260463,1.26173364948524,0.185670748830972,6.79554349529703,1.07904954920034e-11,2.57094922083175e-09,"ENSG00000109099.16","ENSG00000109099","PMP22","peripheral myelin protein 22"
960.375942228562,1.52793267667744,0.22533910083928,6.78059276435657,1.19683799545742e-11,2.78721832044744e-09,"ENSG00000135111.16","ENSG00000135111","TBX3","T-box transcription factor 3"
2337.11343000443,1.53921609487143,0.227049014052738,6.77922386623492,1.20823187039461e-11,2.78721832044744e-09,"ENSG00000187193.9","ENSG00000187193","MT1X","metallothionein 1X"
599.840171700986,1.38745325577934,0.207458190049121,6.68786927838725,2.26443264038516e-11,5.15014905309007e-09,"ENSG00000179403.12","ENSG00000179403","VWA1","von Willebrand factor A domain containing 1"
570.909140180467,1.41962102673445,0.213136258686799,6.66062656575278,2.72662641938423e-11,6.11521714169675e-09,"ENSG00000169252.6","ENSG00000169252","ADRB2","adrenoceptor beta 2"
202.678058827544,1.77858789013075,0.267311730741572,6.65360957110495,2.85990720365535e-11,6.32627144172967e-09,"ENSG00000164736.6","ENSG00000164736","SOX17","SRY-box transcription factor 17"
272.976898760226,1.70218996471689,0.256327631041103,6.64068074831908,3.12237678016913e-11,6.8135324656988e-09,"ENSG00000198719.9","ENSG00000198719","DLL1","delta like canonical Notch ligand 1"
276.890776185473,1.59937516553603,0.241436511149944,6.62441300993924,3.48630749868007e-11,7.50625246515809e-09,"ENSG00000064666.15","ENSG00000064666","CNN2","calponin 2"
56.6534695302849,3.38075108667372,0.510662192782152,6.62032775180588,3.58403320679576e-11,7.61512739780763e-09,"ENSG00000280303.2","ENSG00000280303",NA,NA
627.456855474988,1.36699214691535,0.208126670963412,6.56807770281235,5.09689442827326e-11,1.06889157438645e-08,"ENSG00000178878.13","ENSG00000178878","APOLD1","apolipoprotein L domain containing 1"
39.0155384238193,3.73664864515935,0.570613309452443,6.54847789783421,5.81264573711959e-11,1.20336670978214e-08,"ENSG00000271086.7","ENSG00000271086","STX17-DT","STX17 divergent transcript"
745.354800335783,1.24193598624579,0.1922867809308,6.45876944964168,1.05557781909999e-10,2.15765450921855e-08,"ENSG00000101665.10","ENSG00000101665","SMAD7","SMAD family member 7"
1972.00875454275,1.12325753278672,0.173993946195871,6.4557276695261,1.07700132433126e-10,2.17392717316264e-08,"ENSG00000075426.12","ENSG00000075426","FOSL2","FOS like 2, AP-1 transcription factor subunit"
974.029197784211,1.15173712902323,0.178580325308107,6.44940660196541,1.12288934147954e-10,2.23857001064341e-08,"ENSG00000177303.10","ENSG00000177303","CASKIN2","CASK interacting protein 2"
1312.29021297781,1.37064136327641,0.212704926740929,6.44386279282486,1.16470387160708e-10,2.29361440472087e-08,"ENSG00000185950.9","ENSG00000185950","IRS2","insulin receptor substrate 2"
192.941326101835,-1.77622964048004,0.276606546852276,-6.42150253019373,1.34935770524596e-10,2.62523231618215e-08,"ENSG00000181092.10","ENSG00000181092","ADIPOQ","adiponectin, C1Q and collagen domain containing"
1152.79223507545,1.35111348572604,0.213834767442451,6.31849302097081,2.64126221906094e-10,5.07751218016621e-08,"ENSG00000149257.16","ENSG00000149257","SERPINH1","serpin family H member 1"
2125.42004174081,1.07532648320251,0.170448109789659,6.308820229978,2.81170471526903e-10,5.3415773814311e-08,"ENSG00000086061.16","ENSG00000086061","DNAJA1","DnaJ heat shock protein family (Hsp40) member A1"
7448.40853735024,0.991410563392214,0.158634529416684,6.24965174377696,4.11368900401898e-10,7.72416860894169e-08,"ENSG00000036672.16","ENSG00000036672","USP2","ubiquitin specific peptidase 2"
1161.83221242167,1.08785636257403,0.174924511458311,6.21900472097815,5.00318255304335e-10,9.28636688121196e-08,"ENSG00000235295.2","ENSG00000235295","LINC01634","long intergenic non-protein coding RNA 1634"
1079.99310170301,1.25574917443422,0.202461923538445,6.20239673953197,5.56096720346652e-10,1.02043748183611e-07,"ENSG00000127528.6","ENSG00000127528","KLF2","KLF transcription factor 2"
986.712560452663,1.10051186389259,0.177540934223788,6.19863733794152,5.69540957570352e-10,1.03336487447708e-07,"ENSG00000100311.17","ENSG00000100311","PDGFB","platelet derived growth factor subunit B"
4090.85743171035,1.05188009764654,0.170672095303418,6.16316390665106,7.13056307857571e-10,1.27938147325378e-07,"ENSG00000132688.11","ENSG00000132688","NES","nestin"
34.8485752491397,4.44804010733111,0.729052392850877,6.10112544852579,1.05324201526505e-09,1.86898374313187e-07,"ENSG00000175592.9","ENSG00000175592","FOSL1","FOS like 1, AP-1 transcription factor subunit"
930.031299392653,-1.22033153227341,0.201677919363874,-6.05089310779556,1.44045006169359e-09,2.52830299959001e-07,"ENSG00000165757.9","ENSG00000165757","JCAD","junctional cadherin 5 associated"
188.04153995391,1.53837579871332,0.25620458180061,6.00448199599551,1.91943710743786e-09,3.33280326998996e-07,"ENSG00000184557.4","ENSG00000184557","SOCS3","suppressor of cytokine signaling 3"
1248.97802757021,1.04045074759079,0.174087114287088,5.97660976719379,2.27829062205225e-09,3.90873204474802e-07,"ENSG00000110880.11","ENSG00000110880","CORO1C","coronin 1C"
310.26284230362,1.32398587884898,0.221584012610765,5.97509659315854,2.29953891659067e-09,3.90873204474802e-07,"ENSG00000173276.14","ENSG00000173276","ZBTB21","zinc finger and BTB domain containing 21"
190.045747330423,-1.57880801071658,0.264464008204917,-5.96984074102535,2.37485287947178e-09,3.99470044767816e-07,"ENSG00000185477.5","ENSG00000185477","GPRIN3","GPRIN family member 3"
87.354872088613,2.22587155584988,0.373350282768253,5.96188528195527,2.49344183217099e-09,4.15093801091723e-07,"ENSG00000270194.2","ENSG00000270194","GOLGA4-AS1","GOLGA4 antisense RNA 1"
991.325076364641,1.14125670293147,0.192134663668681,5.9398792552054,2.85232080850963e-09,4.69992616487894e-07,"ENSG00000161638.11","ENSG00000161638","ITGA5","integrin subunit alpha 5"
4497.5588749443,1.07381221107989,0.181306801576548,5.92262508489799,3.16842634726855e-09,5.16805541976692e-07,"ENSG00000161896.12","ENSG00000161896","IP6K3","inositol hexakisphosphate kinase 3"
536.014045118664,1.2504965168825,0.211307360961475,5.91790324384623,3.26071682823021e-09,5.26540553422614e-07,"ENSG00000105538.10","ENSG00000105538","RASIP1","Ras interacting protein 1"
1207.87180564783,1.11507939812614,0.188816855639522,5.90561363999717,3.51336499327404e-09,5.61720969419695e-07,"ENSG00000175920.18","ENSG00000175920","DOK7","docking protein 7"
7388.68156347842,0.960009879497681,0.16276673705854,5.89807166283861,3.67774250696695e-09,5.82237117671591e-07,"ENSG00000162413.17","ENSG00000162413","KLHL21","kelch like family member 21"
28.7963691063253,4.66443200361059,0.791374285592674,5.89409093589301,3.76749662277299e-09,5.9065568412173e-07,"ENSG00000278330.1","ENSG00000278330",NA,NA
871.332588176632,3.33691540032428,0.566345761341581,5.89201090234996,3.81523998359597e-09,5.92389377452959e-07,"ENSG00000114737.16","ENSG00000114737","CISH","cytokine inducible SH2 containing protein"
8539.41409543996,1.20421377959731,0.204615877515811,5.88524113679427,3.97474048202385e-09,6.11277231464011e-07,"ENSG00000166592.13","ENSG00000166592","RRAD","RRAD, Ras related glycolysis inhibitor and calcium channel regulator"
81.0001048382176,2.09352745411588,0.357881338021426,5.84978100755435,4.92220640867806e-09,7.42839150348909e-07,"ENSG00000225968.8","ENSG00000225968","ELFN1","extracellular leucine rich repeat and fibronectin type III domain containing 1"
36.4407810455902,3.54152760691485,0.605371278853877,5.85017448072508,4.91057612334370e-09,7.42839150348909e-07,"ENSG00000259884.1","ENSG00000259884","NR4A1AS","NR4A1 antisense RNA"
357.804249705775,1.26181280505614,0.21770631486698,5.79594030530128,6.79394284170474e-09,1.01582026859119e-06,"ENSG00000179348.13","ENSG00000179348","GATA2","GATA binding protein 2"
264.575010853454,1.33200163210966,0.229989565675075,5.79157418815896,6.97297454859816e-09,1.02363266373421e-06,"ENSG00000117228.11","ENSG00000117228","GBP1","guanylate binding protein 1"
630.632306635706,1.11467038233373,0.192440072228331,5.7922987111082,6.94295137802098e-09,1.02363266373421e-06,"ENSG00000006062.18","ENSG00000006062","MAP3K14","mitogen-activated protein kinase kinase kinase 14"
38.6741089799203,3.35092540108863,0.57895581812696,5.78787758266176,7.12813271917497e-09,1.03698276711025e-06,"ENSG00000275993.4","ENSG00000275993","LOC102724428","salt inducible kinase 1B (putative)"
288.838268812971,1.56783652150671,0.272966720723695,5.74369108933876,9.26347160125617e-09,1.33559410193826e-06,"ENSG00000259881.1","ENSG00000259881","LOC101927793","uncharacterized LOC101927793"
2670.96175242779,0.968098597913576,0.168770075543535,5.73619816662256,9.68253658001911e-09,1.38366018313406e-06,"ENSG00000145949.12","ENSG00000145949","MYLK4","myosin light chain kinase family member 4"
132.571917038781,1.70858070178965,0.299023879507212,5.71386039337517,1.10441614303881e-08,1.56439577875357e-06,"ENSG00000137834.15","ENSG00000137834","SMAD6","SMAD family member 6"
334.087579953293,1.42800558727604,0.250345869490004,5.70413080984769,1.16938250991184e-08,1.64201641478751e-06,"ENSG00000188290.11","ENSG00000188290","HES4","hes family bHLH transcription factor 4"
237.585374845493,1.45445303774047,0.256947284548303,5.66051141695194,1.50922547102461e-08,2.1009459401815e-06,"ENSG00000213062.5","ENSG00000213062",NA,NA
20.2907084630675,7.57376297713411,1.33848991824091,5.65843856865789,1.52756373855476e-08,2.10829908121216e-06,"ENSG00000287403.1","ENSG00000287403","LOC124904076","uncharacterized LOC124904076"
91.9606329512582,1.9483759669466,0.344968794570428,5.64797743335831,1.62346481352899e-08,2.22167032278526e-06,"ENSG00000272512.1","ENSG00000272512",NA,NA
906.818760534799,-1.02622271169502,0.183066503639401,-5.60573721185192,2.07370394309573e-08,2.81396397253024e-06,"ENSG00000165507.9","ENSG00000165507","DEPP1","DEPP autophagy regulator 1"
61.462385119369,2.40192240432029,0.42905109548288,5.59821995470497,2.16563879851121e-08,2.91422794319659e-06,"ENSG00000158792.16","ENSG00000158792","SPATA2L","spermatogenesis associated 2 like"
2224.49978711475,0.943086016664498,0.169484920317257,5.56442434465051,2.63019205907748e-08,3.5101108570234e-06,"ENSG00000159840.16","ENSG00000159840","ZYX","zyxin"
19.7823889271808,7.46583335285525,1.3439798522107,5.55501880521107,2.77581875369513e-08,3.67409190448107e-06,"ENSG00000279685.2","ENSG00000279685","MAPT-IT1","MAPT intronic transcript 1"
128.216195812749,-1.73179306931258,0.312664417024353,-5.53882365570782,3.04510068518671e-08,3.99774681824349e-06,"ENSG00000101695.9","ENSG00000101695","RNF125","ring finger protein 125"
477.777411954062,1.10293392865082,0.199564462851552,5.5267050700868,3.26300806501728e-08,4.24927856724992e-06,"ENSG00000116954.8","ENSG00000116954","RRAGC","Ras related GTP binding C"
324.684950870794,1.24323470721106,0.225426070938307,5.51504403211331,3.48692646639186e-08,4.50455108634366e-06,"ENSG00000070444.15","ENSG00000070444","MNT","MAX network transcriptional repressor"
252.217299058521,1.37595272648922,0.249719991695305,5.50998226913321,3.5886984630242e-08,4.59923037943768e-06,"ENSG00000115738.10","ENSG00000115738","ID2","inhibitor of DNA binding 2"
44.1843748976158,2.82430244044696,0.51633380201598,5.46991583626661,4.50249337835018e-08,5.72490260422037e-06,"ENSG00000099625.14","ENSG00000099625","CBARP","CACN subunit beta associated regulatory protein"
561.669866229018,1.24912790217152,0.228811222803146,5.45920731889181,4.78265036442719e-08,6.03361235037268e-06,"ENSG00000105722.10","ENSG00000105722","ERF","ETS2 repressor factor"
228.744428893942,-1.31740312775086,0.242426065051522,-5.43424704546882,5.50282981500593e-08,6.8883485157144e-06,"ENSG00000079102.17","ENSG00000079102","RUNX1T1","RUNX1 partner transcriptional co-repressor 1"
13020.9524351371,1.06615238161588,0.196891401167598,5.41492607241058,6.13140334490325e-08,7.61614624719212e-06,"ENSG00000184009.13","ENSG00000184009","ACTG1","actin gamma 1"
31.5265510153938,3.50798816675069,0.649797903934182,5.39858338340533,6.71691486319279e-08,8.27975123746849e-06,"ENSG00000108932.13","ENSG00000108932","SLC16A6","solute carrier family 16 member 6"
25.3289331427812,6.88983096245745,1.2774098832385,5.39359453286074,6.90619650220222e-08,8.44858038769405e-06,"ENSG00000290095.1","ENSG00000290095",NA,NA
199.466514075978,1.38362012979265,0.257013687047473,5.38344920726763,7.30718739658216e-08,8.87191444210591e-06,"ENSG00000105085.11","ENSG00000105085","MED26","mediator complex subunit 26"
84.8175529158694,-1.91799225039848,0.358978134701343,-5.34292221445235,9.14600176446538e-08,1.10216146636259e-05,"ENSG00000187288.12","ENSG00000187288","CIDEC","cell death inducing DFFA like effector c"
497.25258996186,1.16273889618452,0.218496144882337,5.32155337024672,1.02884916962449e-07,1.23065602897009e-05,"ENSG00000161940.11","ENSG00000161940","BCL6B","BCL6B transcription repressor"
1421.11773634887,0.918892735521832,0.172804536772826,5.3175266846717,1.05187262022755e-07,1.24894404937019e-05,"ENSG00000178726.7","ENSG00000178726","THBD","thrombomodulin"
756.076621083725,1.14304515697723,0.215578093667662,5.30223241856549,1.14395069917425e-07,1.34835882410699e-05,"ENSG00000069849.11","ENSG00000069849","ATP1B3","ATPase Na+/K+ transporting subunit beta 3"
676.415166407428,1.06771168741182,0.201781799729072,5.29141720831814,1.21372132627214e-07,1.41001237242033e-05,"ENSG00000162494.6","ENSG00000162494","LRRC38","leucine rich repeat containing 38"
135.158272627729,1.67559927124904,0.316618527295942,5.29217063056725,1.20873033749679e-07,1.41001237242033e-05,"ENSG00000164949.8","ENSG00000164949","GEM","GTP binding protein overexpressed in skeletal muscle"
138.592224990547,1.5000155329452,0.285445856321926,5.2549914448696,1.48031352330592e-07,1.70743591245315e-05,"ENSG00000183010.17","ENSG00000183010","PYCR1","pyrroline-5-carboxylate reductase 1"
61.8961970666794,2.13968877204974,0.409121835178154,5.22995496223758,1.69551340778541e-07,1.9417837240368e-05,"ENSG00000158014.15","ENSG00000158014","SLC30A2","solute carrier family 30 member 2"
191.366018309238,-1.38775331102296,0.265530388581198,-5.22634459444777,1.72894004809113e-07,1.96612140116729e-05,"ENSG00000128917.8","ENSG00000128917","DLL4","delta like canonical Notch ligand 4"
416.504454511026,1.32338229005814,0.254032940389404,5.20949089527343,1.89359499398277e-07,2.1383057316667e-05,"ENSG00000120278.17","ENSG00000120278","PLEKHG1","pleckstrin homology and RhoGEF domain containing G1"
140.391057858822,1.54401770141251,0.296998190552737,5.19874447227765,2.00639115712458e-07,2.24994475036443e-05,"ENSG00000043462.13","ENSG00000043462","LCP2","lymphocyte cytosolic protein 2"
2823.72253078678,0.924969647626502,0.177992952512261,5.19666444413177,2.02896122495481e-07,2.25956316279795e-05,"ENSG00000168264.11","ENSG00000168264","IRF2BP2","interferon regulatory factor 2 binding protein 2"
5150.70538969233,0.836194706825976,0.160981712382637,5.19434595675333,2.05440797301426e-07,2.27223150330371e-05,"ENSG00000175606.11","ENSG00000175606","TMEM70","transmembrane protein 70"
566.046602262591,1.05077538374764,0.206563802877987,5.08692892514334,3.63908132925193e-07,3.9975432180109e-05,"ENSG00000095370.20","ENSG00000095370","SH2D3C","SH2 domain containing 3C"
276.392728031683,-1.18374534623924,0.233054933695408,-5.07925460950051,3.78918608371248e-07,4.11309488527891e-05,"ENSG00000106511.6","ENSG00000106511","MEOX2","mesenchyme homeobox 2"
935.338552440514,0.952683990324202,0.187574893202135,5.07895259360519,3.79521388349366e-07,4.11309488527891e-05,"ENSG00000136802.12","ENSG00000136802","LRRC8A","leucine rich repeat containing 8 VRAC subunit A"
865.165044465084,-0.924556818206686,0.182285847691708,-5.07201645061523,3.93622351832094e-07,4.2374758249231e-05,"ENSG00000094963.14","ENSG00000094963","FMO2","flavin containing dimethylaniline monoxygenase 2"
611.752389076257,-1.10846755047324,0.218991271851469,-5.06169739598144,4.15540199816437e-07,4.4438034083681e-05,"ENSG00000126003.7","ENSG00000126003","PLAGL2","PLAG1 like zinc finger 2"
583.218295019779,1.13622474199238,0.224929055896392,5.0514805099958,4.38398675666973e-07,4.65740908859886e-05,"ENSG00000128283.7","ENSG00000128283","CDC42EP1","CDC42 effector protein 1"
347.582237842903,1.15107718231863,0.228008956801047,5.04838581110223,4.4555865527612e-07,4.70253670941097e-05,"ENSG00000260630.9","ENSG00000260630","SNAI3-AS1","SNAI3 antisense RNA 1"
762.496799876229,1.33264369048387,0.268445124963844,4.96430579867435,6.89472362863555e-07,7.22961020488356e-05,"ENSG00000221869.5","ENSG00000221869","CEBPD","CCAAT enhancer binding protein delta"
652.709552683204,1.13490895478624,0.228767761122704,4.96096543156493,7.01436753365656e-07,7.30761335054749e-05,"ENSG00000176014.13","ENSG00000176014","TUBB6","tubulin beta 6 class V"
51.2174279165379,2.26274718194937,0.456648574916282,4.95511714312083,7.22867253630428e-07,7.4826028279642e-05,"ENSG00000290015.1","ENSG00000290015",NA,NA
20.8169369650657,3.96481886126458,0.804686685686528,4.92715852242783,8.3434062358429e-07,8.52717239850577e-05,"ENSG00000289230.1","ENSG00000289230",NA,NA
2389.80331268512,0.855746803856059,0.173652174214471,4.92793601765769,8.31028197184026e-07,8.52717239850577e-05,"ENSG00000050820.17","ENSG00000050820","BCAR1","BCAR1 scaffold protein, Cas family member"
408.599100072628,1.27829342710372,0.259587867166585,4.9243188483975,8.46547085667272e-07,8.59751090525479e-05,"ENSG00000116717.13","ENSG00000116717","GADD45A","growth arrest and DNA damage inducible alpha"
1392.47788050333,-0.88602696267651,0.18040590386135,-4.91129693492439,9.04759542674236e-07,9.13128568443973e-05,"ENSG00000175984.16","ENSG00000175984","DENND2C","DENN domain containing 2C"
93.7723437798365,1.63084563703778,0.332215132472658,4.90900467085738,9.15397982241783e-07,9.18127119083249e-05,"ENSG00000262050.2","ENSG00000262050",NA,NA
2304.16182972245,0.943261855477625,0.193480188967597,4.87523741066636,1.08677672779339e-06,0.000108328830866714,"ENSG00000120694.20","ENSG00000120694","HSPH1","heat shock protein family H (Hsp110) member 1"
1190.13632504184,1.00638151009636,0.207045399184031,4.86068038247905,1.16982994738134e-06,0.000115892110370024,"ENSG00000154734.16","ENSG00000154734","ADAMTS1","ADAM metallopeptidase with thrombospondin type 1 motif 1"
1580.28222079621,0.979933835271937,0.201935393868359,4.85270965381508,1.21785926761176e-06,0.000119914582032895,"ENSG00000129152.4","ENSG00000129152","MYOD1","myogenic differentiation 1"
158.925140073062,1.35998310887018,0.28035914467239,4.85086052912373,1.22926967099758e-06,0.000120304525134963,"ENSG00000218018.4","ENSG00000218018",NA,NA
680.711723978326,0.958779094946703,0.199258599976259,4.81173256793402,1.49627484691104e-06,0.000145553290529635,"ENSG00000197461.13","ENSG00000197461","PDGFA","platelet derived growth factor subunit A"
1453.57664202143,0.946656948115528,0.196963730907024,4.80625008348566,1.53787511017009e-06,0.000148704235203752,"ENSG00000159208.16","ENSG00000159208","CIART","circadian associated repressor of transcription"
320.563047047888,1.20799875625769,0.252998968919031,4.7747181003109,1.79959157771635e-06,0.000172975028553355,"ENSG00000241839.10","ENSG00000241839","PLEKHO2","pleckstrin homology domain containing O2"
23.9359782051136,3.24628615431189,0.681569782033004,4.76295493123064,1.90778462241922e-06,0.000182289385105477,"ENSG00000279821.1","ENSG00000279821",NA,NA
534.65818517501,0.982720324468937,0.206434374100433,4.76044907129095,1.93162674485401e-06,0.000183481815740603,"ENSG00000181788.4","ENSG00000181788","SIAH2","siah E3 ubiquitin protein ligase 2"
917.046491679454,0.897846136955948,0.189241889655306,4.74443654410408,2.09087508075616e-06,0.000196299132581688,"ENSG00000104142.11","ENSG00000104142","VPS18","VPS18 core subunit of CORVET and HOPS complexes"
223.80733562848,1.29902500173431,0.27379602554009,4.74449911817328,2.09022889780441e-06,0.000196299132581688,"ENSG00000159216.19","ENSG00000159216","RUNX1","RUNX family transcription factor 1"
548.644654826117,0.990145592930017,0.208921076464194,4.73932840902106,2.14427729641352e-06,0.000199622992649113,"ENSG00000130202.10","ENSG00000130202","NECTIN2","nectin cell adhesion molecule 2"
2285.31442754952,0.846898755549897,0.178719876065721,4.73869372670371,2.15100326485915e-06,0.000199622992649113,"ENSG00000157557.13","ENSG00000157557","ETS2","ETS proto-oncogene 2, transcription factor"
823.346226519754,1.17456544793548,0.248571924921244,4.72525386085988,2.29828061689689e-06,0.000212072202295148,"ENSG00000117318.9","ENSG00000117318","ID3","inhibitor of DNA binding 3"
277.096507696506,-1.1293117437729,0.23937240343586,-4.71780258527377,2.38405662316669e-06,0.000218737195175544,"ENSG00000112902.12","ENSG00000112902","SEMA5A","semaphorin 5A"
658.850200929186,0.930070367639581,0.198005398678242,4.69719701507201,2.63756016089602e-06,0.000240628934904796,"ENSG00000125812.16","ENSG00000125812","GZF1","GDNF inducible zinc finger protein 1"
1906.61415266993,0.992742854964152,0.212397915635579,4.67397644648946,2.95423227022908e-06,0.000268005296065501,"ENSG00000105643.11","ENSG00000105643","ARRDC2","arrestin domain containing 2"
940.137404050064,0.91809403215088,0.196684261985178,4.66785711721086,3.04357433166332e-06,0.000274567811774856,"ENSG00000100221.11","ENSG00000100221","JOSD1","Josephin domain containing 1"
217.388566981332,-1.22144849835874,0.261854236740971,-4.66461231852059,3.0919941117105e-06,0.000277386227310562,"ENSG00000138411.13","ENSG00000138411","HECW2","HECT, C2 and WW domain containing E3 ubiquitin protein ligase 2"
3148.50501095465,0.879448921497132,0.188623417972175,4.66245883438963,3.12453600340843e-06,0.000278756946867621,"ENSG00000112081.17","ENSG00000112081","SRSF3","serine and arginine rich splicing factor 3"
931.741965632286,0.972205089952645,0.208899139029038,4.65394493472518,3.25643802737743e-06,0.000288928358604895,"ENSG00000088986.11","ENSG00000088986","DYNLL1","dynein light chain LC8-type 1"
564.752069827554,0.936031232123956,0.201276062102565,4.6504846246792,3.31155934437735e-06,0.000292213444224074,"ENSG00000122862.5","ENSG00000122862","SRGN","serglycin"
217.24418397194,-1.13186120328692,0.243737458996749,-4.64377206501534,3.42104979031627e-06,0.00030023430442406,"ENSG00000183134.5","ENSG00000183134","PTGDR2","prostaglandin D2 receptor 2"
1168.8414267176,-0.820386584335506,0.176747898363749,-4.64156344675253,3.45782811015584e-06,0.000301821666609711,"ENSG00000174611.12","ENSG00000174611","KY","kyphoscoliosis peptidase"
307.32932912202,1.11353282286668,0.240370997157574,4.63255898604402,3.61173382822233e-06,0.000313560633645883,"ENSG00000175130.7","ENSG00000175130","MARCKSL1","MARCKS like 1"
451.9293406716,-0.958907133790226,0.207368144550938,-4.62417762316757,3.76087494235768e-06,0.000324762612669475,"ENSG00000162654.9","ENSG00000162654","GBP4","guanylate binding protein 4"
547.614315335486,-0.934105454414718,0.202644104543818,-4.60958613386522,4.0347134972729e-06,0.000346556135925334,"ENSG00000124491.16","ENSG00000124491","F13A1","coagulation factor XIII A chain"
738.263192401261,-0.882145494853774,0.19186225782712,-4.59780628480168,4.26962689647865e-06,0.000364793307536176,"ENSG00000213626.13","ENSG00000213626","LBH","LBH regulator of Wnt signaling pathway"
27214.3808430954,0.923084312024869,0.201030402284141,4.5917647357645,4.39513662728117e-06,0.000373540348722823,"ENSG00000156804.7","ENSG00000156804","FBXO32","F-box protein 32"
335.268018307137,0.992371472304829,0.216592972594162,4.58173439525331,4.6113535046851e-06,0.000389864588448455,"ENSG00000081277.13","ENSG00000081277","PKP1","plakophilin 1"
2397.34478602952,-0.91201466669274,0.199588115776486,-4.56948382494919,4.88926897202768e-06,0.000411207892501578,"ENSG00000113594.10","ENSG00000113594","LIFR","LIF receptor subunit alpha"
23.5782727326396,3.18424384219052,0.69789556904511,4.56263656544966,5.05152144977345e-06,0.000422652685859802,"ENSG00000235263.1","ENSG00000235263",NA,NA
6261.99638519305,-0.783841039760932,0.171928447928327,-4.55911193991409,5.13703857750795e-06,0.000427592262626795,"ENSG00000113916.18","ENSG00000113916","BCL6","BCL6 transcription repressor"
252.623545616054,1.20025794771061,0.264054763535762,4.54548871468496,5.48079339364716e-06,0.000453865906259561,"ENSG00000126603.9","ENSG00000126603","GLIS2","GLIS family zinc finger 2"
47.6974796534071,2.60845313904424,0.576615547653595,4.52373015202025,6.07591816179466e-06,0.00050058125753398,"ENSG00000125657.5","ENSG00000125657","TNFSF9","TNF superfamily member 9"
2877.18504798153,0.837543088780471,0.185311951860261,4.51963880566129,6.19452232677118e-06,0.000507762165140614,"ENSG00000204389.10","ENSG00000204389","HSPA1A","heat shock protein family A (Hsp70) member 1A"
91.9625412020296,1.5452188007114,0.342140518169937,4.51632799580877,6.29211807162032e-06,0.000513157184952146,"ENSG00000198805.13","ENSG00000198805","PNP","purine nucleoside phosphorylase"
132.101419096101,1.38698985605049,0.308129895687535,4.50131543697077,6.7534192687062e-06,0.0005480111273923,"ENSG00000163132.8","ENSG00000163132","MSX1","msh homeobox 1"
93.4166714884698,1.78493020378834,0.398357464773603,4.48072488061136,7.43899523867308e-06,0.000600624475570464,"ENSG00000167772.12","ENSG00000167772","ANGPTL4","angiopoietin like 4"
1082.3668687089,0.814198758612003,0.182402061857073,4.46375852510919,8.05343227496589e-06,0.000646999126249499,"ENSG00000170989.10","ENSG00000170989","S1PR1","sphingosine-1-phosphate receptor 1"
262.375977211509,1.08089652132783,0.242655414970918,4.45445044553149,8.41083519163512e-06,0.000672367161755069,"ENSG00000077238.14","ENSG00000077238","IL4R","interleukin 4 receptor"
20.5887209606239,3.26982851362865,0.737902074911962,4.43124992434636,9.36884238734778e-06,0.000745073288609553,"ENSG00000286694.1","ENSG00000286694",NA,NA
824.142401576627,0.847030560734495,0.191192721625192,4.43024479977322,9.41261771589973e-06,0.000745073288609553,"ENSG00000211455.8","ENSG00000211455","STK38L","serine/threonine kinase 38 like"
1265.5455872316,-0.77104610172667,0.174449370632453,-4.41988468591947,9.8753582701274e-06,0.00077788919680984,"ENSG00000141338.15","ENSG00000141338","ABCA8","ATP binding cassette subfamily A member 8"
727.331711724159,1.06590041519274,0.241506292255759,4.4135513209069,1.01688598048675e-05,0.000797120136548542,"ENSG00000006327.14","ENSG00000006327","TNFRSF12A","TNF receptor superfamily member 12A"
21.175517211439,3.76849002593673,0.854804053276538,4.40860102557046,1.04040486498711e-05,0.000811616316899121,"ENSG00000249852.1","ENSG00000249852",NA,NA
3249.90381544406,2.40100992967396,0.544904047147194,4.40629858090479,1.05151994509769e-05,0.000816343465069114,"ENSG00000168209.6","ENSG00000168209","DDIT4","DNA damage inducible transcript 4"
184.089733518675,1.11650173443374,0.254251727123371,4.3913240907582,1.12662463902145e-05,0.000870465773728153,"ENSG00000102034.18","ENSG00000102034","ELF4","E74 like ETS transcription factor 4"
1823.21373822679,-0.941941606027092,0.215398794917171,-4.37301242279142,1.22543747941758e-05,0.000938460013448428,"ENSG00000162783.11","ENSG00000162783","IER5","immediate early response 5"
86.3543143879541,2.12325081959388,0.485665752449098,4.37183558627888,1.23206293566427e-05,0.000938460013448428,"ENSG00000128965.13","ENSG00000128965","CHAC1","ChaC glutathione specific gamma-glutamylcyclotransferase 1"
3328.82547839639,0.724692933282649,0.165756319570225,4.37203803246622,1.23092075734974e-05,0.000938460013448428,"ENSG00000147065.18","ENSG00000147065","MSN","moesin"
474.099198280537,-0.964629192777735,0.220704132249694,-4.37068931580493,1.23854916263912e-05,0.000938971449685282,"ENSG00000164463.12","ENSG00000164463","CREBRF","CREB3 regulatory factor"
435.134863250282,-1.06467791664001,0.243744173881829,-4.36801380596768,1.25381569389233e-05,0.000946103543223053,"ENSG00000164116.17","ENSG00000164116","GUCY1A1","guanylate cyclase 1 soluble subunit alpha 1"
441.130315173215,-0.903794656231331,0.20714369010887,-4.36312907120809,1.28215245837825e-05,0.000962985948739163,"ENSG00000148053.18","ENSG00000148053","NTRK2","neurotrophic receptor tyrosine kinase 2"
701.968764623801,1.00460283525952,0.23045360462574,4.35924114483264,1.30514232733343e-05,0.000975714736193531,"ENSG00000140044.13","ENSG00000140044","JDP2","Jun dimerization protein 2"
1726.51547012416,0.867850183971438,0.199158583331199,4.35758363739819,1.315062514763e-05,0.000978600437253129,"ENSG00000087074.9","ENSG00000087074","PPP1R15A","protein phosphatase 1 regulatory subunit 15A"
17.4443447074338,5.18025920656379,1.19193393671746,4.34609590933371,1.3858199329517e-05,0.00102183654234265,"ENSG00000008118.10","ENSG00000008118","CAMK1G","calcium/calmodulin dependent protein kinase IG"
9668.16661508746,0.738391989177801,0.169894984024531,4.34616709502846,1.38537049559554e-05,0.00102183654234265,"ENSG00000157119.12","ENSG00000157119","KLHL40","kelch like family member 40"
111.403365582958,1.32281669503815,0.305818870565409,4.32549074748879,1.52192657174308e-05,0.00111709410365942,"ENSG00000135604.11","ENSG00000135604","STX11","syntaxin 11"
314.338949091474,-0.96164369362231,0.222675969492223,-4.318578676519,1.57037241696207e-05,0.00114743772801373,"ENSG00000009709.12","ENSG00000009709","PAX7","paired box 7"
919.202538189356,0.913973363588786,0.211995096735187,4.31129482551416,1.6230133064121e-05,0.00118055940864606,"ENSG00000073282.14","ENSG00000073282","TP63","tumor protein p63"
201.527785649807,1.07410826231825,0.249250199505543,4.3093576833601,1.63729379857544e-05,0.00118560628965902,"ENSG00000153885.15","ENSG00000153885","KCTD15","potassium channel tetramerization domain containing 15"
4670.55758933671,0.695360993685989,0.161557566629403,4.30410663018389,1.67660902951102e-05,0.00120865547359571,"ENSG00000139112.11","ENSG00000139112","GABARAPL1","GABA type A receptor associated protein like 1"
571.217295112997,-0.857660752915835,0.20007852262045,-4.28662078109613,1.81411586912957e-05,0.0013019708024313,"ENSG00000171115.4","ENSG00000171115","GIMAP8","GTPase, IMAP family member 8"
277.754194889714,-1.02893939940345,0.240467841930756,-4.27890644812179,1.87813775861394e-05,0.00133604266634792,"ENSG00000151617.17","ENSG00000151617","EDNRA","endothelin receptor type A"
289.975311954496,-0.975969994695415,0.22808104368633,-4.27904914376673,1.87693421843354e-05,0.00133604266634792,"ENSG00000092421.17","ENSG00000092421","SEMA6A","semaphorin 6A"
355.783221107643,1.04548597073708,0.245618021838075,4.25655236091073,2.07603432913587e-05,0.00147034220819675,"ENSG00000168994.14","ENSG00000168994","PXDC1","PX domain containing 1"
29.2100168958695,2.47715038185606,0.585726032256851,4.22919632291465,2.34527619691125e-05,0.00165377816714947,"ENSG00000241158.7","ENSG00000241158","ADAMTS9-AS1","ADAMTS9 antisense RNA 1"
1375.30296837377,0.739461861700022,0.175261202857996,4.21919882804391,2.45171989925071e-05,0.0017173008740854,"ENSG00000084652.16","ENSG00000084652","TXLNA","taxilin alpha"
106.636302980598,1.32107292061057,0.313143377940402,4.21874774839404,2.45662931578974e-05,0.0017173008740854,"ENSG00000164211.13","ENSG00000164211","STARD4","StAR related lipid transfer domain containing 4"
338.148541193038,0.909717147478681,0.215910701821368,4.21339535189565,2.5156016771515e-05,0.00175094551218286,"ENSG00000103187.8","ENSG00000103187","COTL1","coactosin like F-actin binding protein 1"
126.721277675376,1.40775235922291,0.334417295919201,4.20956803491122,2.55859390415315e-05,0.00177322636756503,"ENSG00000176170.14","ENSG00000176170","SPHK1","sphingosine kinase 1"
1467.91911016296,0.782476530561704,0.185963489561314,4.20768900609232,2.57995592496401e-05,0.00178039009727858,"ENSG00000204388.7","ENSG00000204388","HSPA1B","heat shock protein family A (Hsp70) member 1B"
272.280830896977,1.0524043372045,0.250204296008253,4.20618012557939,2.59723255061492e-05,0.00178468558414169,"ENSG00000182481.10","ENSG00000182481","KPNA2","karyopherin subunit alpha 2"
2579.96674596008,-0.718607868175498,0.171609528704401,-4.18745901582952,2.82094940333156e-05,0.00193019876970331,"ENSG00000099250.18","ENSG00000099250","NRP1","neuropilin 1"
77.8019744845917,2.26239788661781,0.54059975695412,4.18497762441616,2.85194192368612e-05,0.00194317123137905,"ENSG00000143546.10","ENSG00000143546","S100A8","S100 calcium binding protein A8"
1186.16767162192,-0.903339358739105,0.216093601066509,-4.1803151702816,2.91105342763389e-05,0.00197511305669883,"ENSG00000109458.10","ENSG00000109458","GAB1","GRB2 associated binding protein 1"
470.216595342083,-0.931948721801227,0.223505156031517,-4.16969674592119,3.05005212556325e-05,0.00206076325203328,"ENSG00000064989.13","ENSG00000064989","CALCRL","calcitonin receptor like receptor"
280.605487205851,1.06456260159189,0.255512948168364,4.1663743822893,3.09482300329825e-05,0.00208230007738584,"ENSG00000260708.2","ENSG00000260708","TBC1D22A-DT","TBC1D22A divergent transcript"
345.367057993764,1.03284176539468,0.248120591523669,4.16266041867852,3.14561001165154e-05,0.00210112824726857,"ENSG00000203709.14","ENSG00000203709",NA,NA
23.6511347074635,2.83894286248893,0.682040295263196,4.16242688621997,3.14882979835889e-05,0.00210112824726857,"ENSG00000223834.5","ENSG00000223834","LOC124906892","uncharacterized LOC124906892"
403.772360897734,0.910349524001668,0.219064683729371,4.15561973981301,3.24406990309338e-05,0.00215577122613794,"ENSG00000130844.19","ENSG00000130844","ZNF331","zinc finger protein 331"
154.614014288094,1.14723152013802,0.27659620757718,4.14767624685491,3.35866893609669e-05,0.00222277811393809,"ENSG00000177432.8","ENSG00000177432","NAP1L5","nucleosome assembly protein 1 like 5"
29.9586045896984,-3.03447924894897,0.732241369293367,-4.14409698249817,3.41155353365984e-05,0.00224856189638935,"ENSG00000145934.17","ENSG00000145934","TENM2","teneurin transmembrane protein 2"
329.226912527953,0.935934255346113,0.22629969222137,4.13581762378433,3.53693019377981e-05,0.00232172149468115,"ENSG00000272636.5","ENSG00000272636","DOC2B","double C2 domain beta"
585.425434369875,0.990019026293447,0.239720339308872,4.12989164435412,3.62934247711061e-05,0.00236527349409872,"ENSG00000068001.14","ENSG00000068001","HYAL2","hyaluronidase 2"
223.398049025563,1.24134229059454,0.300589913231589,4.12968711175,3.6325726191261e-05,0.00236527349409872,"ENSG00000166979.13","ENSG00000166979","EVA1C","eva-1 homolog C"
351.052353095782,0.939876939160652,0.228683869511704,4.10993980977985,3.95762262037516e-05,0.00256657389854691,"ENSG00000167680.17","ENSG00000167680","SEMA6B","semaphorin 6B"
1414.88167103857,-0.800519585427644,0.194986633499789,-4.10551006014732,4.03423725308145e-05,0.00259541287501033,"ENSG00000186260.17","ENSG00000186260","MRTFB","myocardin related transcription factor B"
23.9145713867812,-3.04679202897455,0.742073794804927,-4.1057803823614,4.02952186050798e-05,0.00259541287501033,"ENSG00000124253.11","ENSG00000124253","PCK1","phosphoenolpyruvate carboxykinase 1"
312.421024715846,0.945065517712907,0.230613195970955,4.09805481309896,4.16636632563241e-05,0.00266978108834572,"ENSG00000081923.15","ENSG00000081923","ATP8B1","ATPase phospholipid transporting 8B1"
1444.89920057201,0.709000133007678,0.173495852770545,4.08655378031057,4.37828032069688e-05,0.00279163521500475,"ENSG00000115875.19","ENSG00000115875","SRSF7","serine and arginine rich splicing factor 7"
1124.79649219837,-0.799298699353511,0.19562485792399,-4.08587491301376,4.39110319922718e-05,0.00279163521500475,"ENSG00000150764.14","ENSG00000150764","DIXDC1","DIX domain containing 1"
5612.90943094287,0.792100439444351,0.194511675884405,4.07225137433437,4.65608895304152e-05,0.002948491153479,"ENSG00000172216.6","ENSG00000172216","CEBPB","CCAAT enhancer binding protein beta"
1174.26764364294,0.799736381049705,0.196455285485101,4.0708315842709,4.68456090411843e-05,0.00295493318280095,"ENSG00000109787.13","ENSG00000109787","KLF3","KLF transcription factor 3"
94.8648648306795,1.58761557641953,0.390612375777898,4.06442722982808,4.81505582735074e-05,0.00301370238372325,"ENSG00000176919.13","ENSG00000176919","C8G","complement C8 gamma chain"
46.8802427638913,1.94234720376219,0.477804562388712,4.06514997272465,4.80015853407388e-05,0.00301370238372325,"ENSG00000279861.1","ENSG00000279861",NA,NA
1973.43702532253,0.675372798063417,0.16639414941718,4.05887346657927,4.93100222718518e-05,0.00307435613762882,"ENSG00000166272.18","ENSG00000166272","WBP1L","WW domain binding protein 1 like"
732.767434726661,0.78896882445615,0.194672230184331,4.05280621539647,5.06069197606812e-05,0.00313873778011039,"ENSG00000179041.4","ENSG00000179041","RRS1","regulator of ribosome synthesis 1"
328.306195441094,-0.895996368785404,0.221111832620782,-4.05223166108023,5.07313946376525e-05,0.00313873778011039,"ENSG00000159433.12","ENSG00000159433","STARD9","StAR related lipid transfer domain containing 9"
4839.93897768796,0.713707023532551,0.176469931661251,4.04435484738879,5.24674023180029e-05,0.00323375424668363,"ENSG00000067064.13","ENSG00000067064","IDI1","isopentenyl-diphosphate delta isomerase 1"
263.827670196765,-0.983960259242477,0.243947549708809,-4.0334910533719,5.49542739257637e-05,0.00337415062871952,"ENSG00000156218.13","ENSG00000156218","ADAMTSL3","ADAMTS like 3"
3331.61393553152,-0.76209571055726,0.189322052487654,-4.0253932415346,5.68801817001061e-05,0.00347917111398982,"ENSG00000133392.18","ENSG00000133392","MYH11","myosin heavy chain 11"
662.997263586584,0.75135588955533,0.187981681080108,3.99696334897197,6.41602301659196e-05,0.00390965810082743,"ENSG00000100439.11","ENSG00000100439","ABHD4","abhydrolase domain containing 4, N-acyl phospholipase B"
1023.03281799116,0.713804461709993,0.17889421693414,3.99009243531209,6.60475503061814e-05,0.00400953324189555,"ENSG00000113552.16","ENSG00000113552","GNPDA1","glucosamine-6-phosphate deaminase 1"
91.185028566527,-1.3220731211759,0.331774387499607,-3.9848558869767,6.75210914187508e-05,0.0040836351469288,"ENSG00000262097.3","ENSG00000262097",NA,NA
428.182022597531,0.878059244899559,0.220614853251778,3.98005497797317,6.88993321275102e-05,0.00415144184774267,"ENSG00000146112.12","ENSG00000146112","PPP1R18","protein phosphatase 1 regulatory subunit 18"
757.257873472494,-0.791321829858736,0.199023378313519,-3.97602450809661,7.00769066408926e-05,0.00420669847002652,"ENSG00000185722.18","ENSG00000185722","ANKFY1","ankyrin repeat and FYVE domain containing 1"
46.5659254289349,1.8112332198921,0.45581321886127,3.97363030501176,7.07854042739573e-05,0.0042334915119106,"ENSG00000283154.3","ENSG00000283154","IQCJ-SCHIP1","IQCJ-SCHIP1 readthrough"
244.887855301386,-1.04988073020937,0.264494312886486,-3.96938867513552,7.20572622262686e-05,0.00429365561044202,"ENSG00000132470.14","ENSG00000132470","ITGB4","integrin subunit beta 4"
301.240743212398,1.37351297800181,0.346427682559049,3.96478990320785,7.34606196068016e-05,0.00436118413753909,"ENSG00000106366.9","ENSG00000106366","SERPINE1","serpin family E member 1"
578.352924667944,0.758656640183397,0.191665027749924,3.95824240389466,7.55033109975615e-05,0.00445513892903148,"ENSG00000012660.14","ENSG00000012660","ELOVL5","ELOVL fatty acid elongase 5"
196.236070099412,-0.996320698612703,0.251726292916953,-3.95795245330768,7.55950004059094e-05,0.00445513892903148,"ENSG00000005249.14","ENSG00000005249","PRKAR2B","protein kinase cAMP-dependent type II regulatory subunit beta"
358.496725954741,0.850106231487215,0.215423606660717,3.94620740347224,7.93988436340511e-05,0.00464540770653136,"ENSG00000054967.13","ENSG00000054967","RELT","RELT TNF receptor"
129.997544598302,1.23009467972121,0.311698221620775,3.94642828991754,7.93256652242286e-05,0.00464540770653136,"ENSG00000105327.18","ENSG00000105327","BBC3","BCL2 binding component 3"
506.758314418938,-0.860628977283242,0.21825897805195,-3.94315498480156,8.04166492983998e-05,0.00468797131000202,"ENSG00000134369.16","ENSG00000134369","NAV1","neuron navigator 1"
868.732050394399,0.857133373921604,0.217883325981294,3.93390990366648,8.35751212191355e-05,0.00485457214908849,"ENSG00000137936.18","ENSG00000137936","BCAR3","BCAR3 adaptor protein, NSP family member"
294.48441220534,0.956667094710216,0.243328550562076,3.93158588460074,8.43873381854126e-05,0.00488418185311126,"ENSG00000135269.18","ENSG00000135269","TES","testin LIM domain protein"
134.408657917865,-1.16967773358438,0.29763040209948,-3.92996725244966,8.49574314721799e-05,0.00489961644075986,"ENSG00000130037.5","ENSG00000130037","KCNA5","potassium voltage-gated channel subfamily A member 5"
853.074813605835,-0.765810310884096,0.195285710150447,-3.92148667864188,8.8004314534701e-05,0.00505727285091228,"ENSG00000069702.11","ENSG00000069702","TGFBR3","transforming growth factor beta receptor 3"
320.872973753903,-0.866564059637761,0.221151802360409,-3.91841282950763,8.9133952402919e-05,0.00510402504752601,"ENSG00000175087.10","ENSG00000175087","PDIK1L","PDLIM1 interacting kinase 1 like"
1976.78852154488,-0.742734497243002,0.190085189687592,-3.90737699482899,9.33035141134899e-05,0.00532390510920366,"ENSG00000064651.14","ENSG00000064651","SLC12A2","solute carrier family 12 member 2"
47.4058682435897,1.77827620895609,0.456653032106117,3.89415176059283,9.85429448277759e-05,0.00560306856717932,"ENSG00000180616.9","ENSG00000180616","SSTR2","somatostatin receptor 2"
405.972877648333,0.860956272190384,0.221311480140684,3.89024677636736,0.000100142329678861,0.00567402926194473,"ENSG00000105738.11","ENSG00000105738","SIPA1L3","signal induced proliferation associated 1 like 3"
864.314349484712,0.748990981457994,0.192666113892678,3.8875075970817,0.000101278818808787,0.00571835792351151,"ENSG00000103257.9","ENSG00000103257","SLC7A5","solute carrier family 7 member 5"
284.254976315721,0.904499223077001,0.232850706387475,3.88445986318749,0.000102557632618737,0.0057703855453915,"ENSG00000069399.15","ENSG00000069399","BCL3","BCL3 transcription coactivator"
696.534363256638,0.853737278018641,0.220213217842187,3.87686664035971,0.00010581031557821,0.00593272561096157,"ENSG00000196411.10","ENSG00000196411","EPHB4","EPH receptor B4"
757.841182300232,0.857408968506608,0.221426228033653,3.87221051508088,0.000107852736040133,0.00602631827534969,"ENSG00000171552.14","ENSG00000171552","BCL2L1","BCL2 like 1"
163.592105491356,-1.22706058049723,0.318092584256804,-3.85755796025285,0.000114525527134393,0.00637709728333164,"ENSG00000246859.3","ENSG00000246859","STARD4-AS1","STARD4 antisense RNA 1"
480.596717467339,-0.770936324355776,0.199994278692231,-3.85479189403293,0.000115828113744012,0.00642746522590482,"ENSG00000100100.13","ENSG00000100100","PIK3IP1","phosphoinositide-3-kinase interacting protein 1"
661.597360748342,0.763688873965618,0.198610713057856,3.84515448440665,0.000120476513399634,0.0066625162273195,"ENSG00000167716.19","ENSG00000167716","WDR81","WD repeat domain 81"
49.5604264500159,-1.67089924767312,0.43480971806174,-3.84282866335537,0.000121624379367576,0.00670303917415569,"ENSG00000150594.7","ENSG00000150594","ADRA2A","adrenoceptor alpha 2A"
25.6439525193091,2.6910698839107,0.700540451416512,3.84141969028239,0.000122324758895328,0.0067187081858563,"ENSG00000289609.2","ENSG00000289609","LOC124901321","uncharacterized LOC124901321"
1118.539422303,0.705328977007236,0.183670716498792,3.84018198683226,0.000122943138272759,0.00672978236213057,"ENSG00000137507.11","ENSG00000137507","LRRC32","leucine rich repeat containing 32"
14800.0156149858,0.85437279034139,0.222556322334994,3.83890595143542,0.000123583753570481,0.00674199477248691,"ENSG00000173281.5","ENSG00000173281","PPP1R3B","protein phosphatase 1 regulatory subunit 3B"
134.597322942553,-1.1226913298189,0.292934760348267,-3.83256438561319,0.00012681439426696,0.00689494558458878,"ENSG00000168672.4","ENSG00000168672","LRATD2","LRAT domain containing 2"
758.657502304153,2.27696477609023,0.595487103593064,3.8237012394583,0.00013146319835914,0.00709989206389093,"ENSG00000168621.15","ENSG00000168621","GDNF","glial cell derived neurotrophic factor"
1953.90042183851,0.755302770707977,0.197504140746886,3.82423764814099,0.00013117734204846,0.00709989206389093,"ENSG00000067082.15","ENSG00000067082","KLF6","KLF transcription factor 6"
2013.61695584171,0.639187525046948,0.167279984221842,3.82106399651062,0.000132877162864576,0.00715233475312393,"ENSG00000128245.15","ENSG00000128245","YWHAH","tyrosine 3-monooxygenase/tryptophan 5-monooxygenase activation protein eta"
168.957684020635,-1.08172217409585,0.283280318204503,-3.81855746615952,0.000134234316971942,0.00720138123077384,"ENSG00000250159.7","ENSG00000250159",NA,NA
6670.36098946995,-0.636660828380529,0.166806683488418,-3.81675850790916,0.000135216396735168,0.00723004759761423,"ENSG00000265142.9","ENSG00000265142","MIR133A1HG","MIR133A1 host gene"
102.160418385044,1.44949386470514,0.379903040496993,3.81543107106724,0.0001359454015788,0.00724503744123584,"ENSG00000108798.9","ENSG00000108798","ABI3","ABI family member 3"
240.344822511601,1.36002690914585,0.356794967444973,3.81178837494562,0.000137964974279848,0.00732848159431247,"ENSG00000108551.5","ENSG00000108551","RASD1","ras related dexamethasone induced 1"
203.367007049526,1.01543870884016,0.266767245611598,3.8064594718596,0.000140970380667285,0.00746357280988631,"ENSG00000177426.22","ENSG00000177426","TGIF1","TGFB induced factor homeobox 1"
9671.43285996547,0.626266040950689,0.164648889899855,3.80364569315714,0.000142582071942084,0.00749972409681033,"ENSG00000187642.10","ENSG00000187642","PERM1","PPARGC1 and ESRR induced regulator, muscle 1"
280.874756522967,0.891127035204773,0.23423750489764,3.80437383669276,0.000142163345731421,0.00749972409681033,"ENSG00000105287.13","ENSG00000105287","PRKD2","protein kinase D2"
5008.65294982256,-0.694054876859419,0.182578639491638,-3.80140239182363,0.000143879418140442,0.00754339235107747,"ENSG00000142798.20","ENSG00000142798","HSPG2","heparan sulfate proteoglycan 2"
228.72498623844,3.5087516935176,0.923634986299157,3.7988510023603,0.000145368447116127,0.00759679509395217,"ENSG00000153234.16","ENSG00000153234","NR4A2","nuclear receptor subfamily 4 group A member 2"
741.043034755049,0.744960382201742,0.196676068885452,3.78775306229871,0.000152015821802827,0.00791855319507112,"ENSG00000122863.6","ENSG00000122863","CHST3","carbohydrate sulfotransferase 3"
2282.37799015056,0.72731026120043,0.192062238674053,3.78684673375458,0.000152571142620189,0.00792192543739813,"ENSG00000134531.10","ENSG00000134531","EMP1","epithelial membrane protein 1"
51.9001056881868,1.6062828618294,0.424552171774523,3.78347578606308,0.000154653376449111,0.00800430359903926,"ENSG00000139832.5","ENSG00000139832","RAB20","RAB20, member RAS oncogene family"
346.209316332757,0.843061279462122,0.223060007889858,3.77952680732625,0.000157126677057869,0.00810633093012927,"ENSG00000179583.21","ENSG00000179583","CIITA","class II major histocompatibility complex transactivator"
411.302251862907,1.11246820118074,0.295379555889591,3.76623289932959,0.00016572920468314,0.00845410901145471,"ENSG00000171612.7","ENSG00000171612","SLC25A33","solute carrier family 25 member 33"
86.2541174789442,1.3325616794501,0.353851111490753,3.76588241827502,0.000165961887331629,0.00845410901145471,"ENSG00000174502.19","ENSG00000174502","SLC26A9","solute carrier family 26 member 9"
22904.286217698,0.662834375229146,0.175963365446212,3.76688848584087,0.000165294787767076,0.00845410901145471,"ENSG00000168334.9","ENSG00000168334","XIRP1","xin actin binding repeat containing 1"
641.02467253877,0.730031488251056,0.19379981653608,3.76693590994779,0.000165263404311597,0.00845410901145471,"ENSG00000204569.10","ENSG00000204569","PPP1R10","protein phosphatase 1 regulatory subunit 10"
46.0306228756685,1.76583714777686,0.469147636600795,3.76392634218776,0.00016726617103116,0.00849375512519235,"ENSG00000146386.8","ENSG00000146386","ABRACL","ABRA C-terminal like"
1529.30773736178,-0.66472165418106,0.17685878786441,-3.75848812607871,0.000170943149266894,0.00865326010771724,"ENSG00000049246.15","ENSG00000049246","PER3","period circadian regulator 3"
2568.33484682963,-0.696652035350278,0.185608062096915,-3.75335008339521,0.000174486902458135,0.00880504531529363,"ENSG00000168477.21","ENSG00000168477","TNXB","tenascin XB"
926.148651056472,0.804920976415354,0.214668313986265,3.74960310382302,0.000177114666541295,0.00890980571747298,"ENSG00000103066.13","ENSG00000103066","PLA2G15","phospholipase A2 group XV"
97.5899183973502,1.51352832288349,0.403879687351845,3.7474732458257,0.000178624882226863,0.00895787142297944,"ENSG00000139780.8","ENSG00000139780","METTL21C","methyltransferase 21C, AARS1 lysine"
514.78655256564,0.921648433863685,0.246406745530325,3.74035390906235,0.000183761328985481,0.00918692860822769,"ENSG00000155846.17","ENSG00000155846","PPARGC1B","PPARG coactivator 1 beta"
525.670916733842,-0.747400831278333,0.199980459089317,-3.73736931439147,0.000185955687196038,0.00926793961988156,"ENSG00000143341.12","ENSG00000143341","HMCN1","hemicentin 1"
154.329186703941,-1.18111683221875,0.316729508611681,-3.72910259418496,0.000192162907994841,0.00954783581015596,"ENSG00000198774.5","ENSG00000198774","RASSF9","Ras association domain family member 9"
76.1835313965993,1.54045763284151,0.414055633784567,3.72041220345526,0.000198897878957134,0.00985215628650243,"ENSG00000229230.3","ENSG00000229230","MT1P3","metallothionein 1 pseudogene 3"
2136.28363003475,0.645137453248555,0.173744394364601,3.71314110943195,0.000204702675480077,0.010077862206257,"ENSG00000160050.16","ENSG00000160050","CCDC28B","coiled-coil domain containing 28B"
1013.56221997829,0.954088230797074,0.25693510228572,3.71334326181753,0.000204539160929523,0.010077862206257,"ENSG00000162772.18","ENSG00000162772","ATF3","activating transcription factor 3"
24.1157550838449,-2.33511802301674,0.632378961775045,-3.69259283462281,0.000221979269178954,0.01089520133344,"ENSG00000056998.21","ENSG00000056998","GYG2","glycogenin 2"
805.106869722376,0.793401502591751,0.21499023004098,3.69040724520606,0.000223895319064175,0.0109559442795403,"ENSG00000186283.14","ENSG00000186283","TOR3A","torsin family 3 member A"
468.657115726488,0.819192705556935,0.222526645914944,3.68132410475487,0.000232025834339796,0.0112854011232501,"ENSG00000197852.12","ENSG00000197852","INKA2","inka box actin regulator 2"
39.3638086819877,2.46716451225213,0.670111259193228,3.68172371140644,0.000231662386584729,0.0112854011232501,"ENSG00000171051.10","ENSG00000171051","FPR1","formyl peptide receptor 1"
453.645210684618,0.856774377589998,0.23369557705154,3.6661985151779,0.000246182844925254,0.0119380197593183,"ENSG00000125148.7","ENSG00000125148","MT2A","metallothionein 2A"
140.698022355193,1.19654393823259,0.327009010691667,3.65905494683996,0.000253147063841584,0.0122389784039338,"ENSG00000101187.16","ENSG00000101187","SLCO4A1","solute carrier organic anion transporter family member 4A1"
288.486515217755,0.883676636946983,0.241719245842609,3.65579759222968,0.00025638359244348,0.0122948396419771,"ENSG00000151365.2","ENSG00000151365","THRSP","thyroid hormone responsive"
293.032188682761,1.14370609052779,0.312821678684393,3.65609600759696,0.000256085478183347,0.0122948396419771,"ENSG00000137801.11","ENSG00000137801","THBS1","thrombospondin 1"
1096.62656129573,-0.68511201733246,0.187414663003692,-3.65559453221098,0.000256586633598358,0.0122948396419771,"ENSG00000196227.11","ENSG00000196227","FAM217B","family with sequence similarity 217 member B"
798.454356668805,0.702714982261417,0.192295435807483,3.65435081342721,0.000257833530534761,0.012318035062353,"ENSG00000008853.18","ENSG00000008853","RHOBTB2","Rho related BTB domain containing 2"
2402.14330246814,0.613468667851933,0.167929336357573,3.65313578412332,0.000259057149501892,0.0123399848087214,"ENSG00000134686.21","ENSG00000134686","PHC2","polyhomeotic homolog 2"
90.7484669033196,-1.20228608422229,0.331741900318226,-3.62416108145817,0.000289900893541071,0.0137685871438271,"ENSG00000147642.17","ENSG00000147642","SYBU","syntabulin"
310.476042668112,-0.854604266943269,0.236175082402651,-3.61852003288927,0.000296292567742668,0.0140308867563302,"ENSG00000255690.3","ENSG00000255690","TRIL","TLR4 interactor with leucine rich repeats"
143.345217524714,-0.992936945742691,0.275373203871829,-3.60578637202787,0.000311209081260146,0.0146941644566925,"ENSG00000101004.16","ENSG00000101004","NINL","ninein like"
147.909588909064,-1.01871210275799,0.283442628402477,-3.59406807825481,0.000325554713611874,0.0153266982956401,"ENSG00000184898.7","ENSG00000184898","RBM43","RNA binding motif protein 43"
22.7132590167198,-2.27623096172255,0.634409275352669,-3.58795347129374,0.000333283746611249,0.0156449591287164,"ENSG00000196932.12","ENSG00000196932","TMEM26","transmembrane protein 26"
1160.1467716323,0.631297883339393,0.176045508863194,3.58599255053975,0.000335798544083516,0.0157173185213351,"ENSG00000156232.7","ENSG00000156232","WHAMM","WASP homolog associated with actin, golgi membranes and microtubules"
183.508798747172,3.55197217797621,0.996592038141596,3.56411855808098,0.000365080926239353,0.017038516754084,"ENSG00000179388.9","ENSG00000179388","EGR3","early growth response 3"
3797.94507400389,0.684606273822085,0.192451755356938,3.55728776052135,0.00037470362321879,0.0174372164488099,"ENSG00000136859.10","ENSG00000136859","ANGPTL2","angiopoietin like 2"
4748.27544011649,0.629825035539178,0.177164262823803,3.55503432521018,0.000377929747700215,0.0175368090973077,"ENSG00000148175.13","ENSG00000148175","STOM","stomatin"
79.9053306963545,1.35113374598769,0.380453649339808,3.55137543911665,0.00038322333793378,0.0177314912921337,"ENSG00000104903.5","ENSG00000104903","LYL1","LYL1 basic helix-loop-helix family member"
1952.19801574024,-0.622753808108471,0.175519701283829,-3.5480564492383,0.00038808503754856,0.0178725099774535,"ENSG00000163513.19","ENSG00000163513","TGFBR2","transforming growth factor beta receptor 2"
55.2939513633199,1.51708731594585,0.42767828328911,3.54726291987172,0.000389255916703171,0.0178725099774535,"ENSG00000166091.21","ENSG00000166091","CMTM5","CKLF like MARVEL transmembrane domain containing 5"
115.579539925557,1.05510702222705,0.297461613531397,3.5470359005354,0.000389591498146125,0.0178725099774535,"ENSG00000179598.6","ENSG00000179598","PLD6","phospholipase D family member 6"
1818.96095780736,0.648309600317721,0.183119139001092,3.54037051426861,0.000399565650845521,0.0182781476766387,"ENSG00000182759.4","ENSG00000182759","MAFA","MAF bZIP transcription factor A"
343.134312012235,0.932306504166473,0.263487914476055,3.53832738788177,0.000402670458013634,0.0183681428135711,"ENSG00000124766.7","ENSG00000124766","SOX4","SRY-box transcription factor 4"
1983.98373295425,-0.634346087365558,0.179774510974583,-3.52856522277089,0.000417818970573345,0.0189684126484668,"ENSG00000058668.16","ENSG00000058668","ATP2B4","ATPase plasma membrane Ca2+ transporting 4"
109.021968701947,-1.24091442157942,0.351699494036476,-3.52833723852535,0.000418179025443038,0.0189684126484668,"ENSG00000111404.7","ENSG00000111404","RERGL","RERG like"
600.529874423284,0.925355433644661,0.262409380653742,3.52638092182268,0.000421280563645223,0.0190555701449386,"ENSG00000197019.5","ENSG00000197019","SERTAD1","SERTA domain containing 1"
2112.2324056061,0.637881924303081,0.181251656356424,3.51931638654221,0.000432660405936392,0.0195156431146951,"ENSG00000112561.19","ENSG00000112561","TFEB","transcription factor EB"
316.478174913855,0.764314028309001,0.218384304998016,3.49985786897984,0.000465506290346298,0.0209387063412591,"ENSG00000130589.16","ENSG00000130589","HELZ2","helicase with zinc finger 2"
54.776778802595,-1.6958844584496,0.484663030648873,-3.49910009884421,0.000466831290301361,0.0209399768771844,"ENSG00000164764.11","ENSG00000164764","SBSPON","somatomedin B and thrombospondin type 1 domain containing"
860.003583972014,0.688847900991686,0.197210321448491,3.49296069258528,0.000477696819551533,0.0213680006706874,"ENSG00000165782.11","ENSG00000165782","PIP4P1","phosphatidylinositol-4,5-bisphosphate 4-phosphatase 1"
821.602171635483,-0.731844967741992,0.209712385120488,-3.48975558749913,0.000483462497607768,0.0214476714598083,"ENSG00000134250.21","ENSG00000134250","NOTCH2","notch receptor 2"
340.978977139335,-0.97933400111477,0.280582578362021,-3.49035926190395,0.000482371608137784,0.0214476714598083,"ENSG00000111816.8","ENSG00000111816","FRK","fyn related Src family tyrosine kinase"
37163.1133176686,-0.541599680941804,0.155180029390504,-3.4901377649497,0.000482771604497061,0.0214476714598083,"ENSG00000170807.12","ENSG00000170807","LMOD2","leiomodin 2"
823.799038105815,0.635694780060865,0.182534332207806,3.48260391550429,0.000496562458438639,0.021968467339362,"ENSG00000117758.14","ENSG00000117758","STX12","syntaxin 12"
3969.18476946788,-0.629708230496291,0.180994354374608,-3.47915951672709,0.000502989086732243,0.0221919884495963,"ENSG00000074181.9","ENSG00000074181","NOTCH3","notch receptor 3"
120.830462392578,1.23657252552014,0.355599033681424,3.47743499952243,0.000506235778380942,0.0222743742487614,"ENSG00000258987.2","ENSG00000258987",NA,NA
1567.11495636637,0.640022415831832,0.184629295915974,3.46652687297855,0.000527229029005787,0.0231350390227865,"ENSG00000142910.16","ENSG00000142910","TINAGL1","tubulointerstitial nephritis antigen like 1"
25.849873853745,-2.64629491031073,0.765037437598274,-3.45903975447057,0.000542104884623362,0.0236592153429677,"ENSG00000172137.19","ENSG00000172137","CALB2","calbindin 2"
2815.07093854161,0.598246419656311,0.172932785257806,3.45941585781119,0.000541348386969963,0.0236592153429677,"ENSG00000126368.6","ENSG00000126368","NR1D1","nuclear receptor subfamily 1 group D member 1"
115.563034651853,-1.11802931729645,0.323321807332093,-3.45794589768605,0.000544310679526616,0.0236914524339509,"ENSG00000119922.11","ENSG00000119922","IFIT2","interferon induced protein with tetratricopeptide repeats 2"
686.124672266169,-0.850649081747132,0.246136765200657,-3.45600171129925,0.000548251840282264,0.0237988460131129,"ENSG00000112419.15","ENSG00000112419","PHACTR2","phosphatase and actin regulator 2"
128.785522373686,1.08086400054036,0.312997328271829,3.45326909500536,0.000553836223236533,0.0239128079676385,"ENSG00000125089.18","ENSG00000125089","SH3TC1","SH3 domain and tetratricopeptide repeats 1"
485.468729956258,-0.813865350343152,0.235679766770774,-3.45326780272459,0.00055383887663468,0.0239128079676385,"ENSG00000152402.11","ENSG00000152402","GUCY1A2","guanylate cyclase 1 soluble subunit alpha 2"
3928.92533675183,0.560107403086986,0.1623448398077,3.45010906260058,0.000560360120918453,0.0241298539535765,"ENSG00000115758.14","ENSG00000115758","ODC1","ornithine decarboxylase 1"
1336.55797873165,0.645227315020553,0.18725188624738,3.44577204508443,0.000569430484342154,0.0243903540083743,"ENSG00000104419.17","ENSG00000104419","NDRG1","N-myc downstream regulated 1"
948.685350052729,0.61877799412382,0.17957010024845,3.44588544121594,0.000569191599083908,0.0243903540083743,"ENSG00000100302.7","ENSG00000100302","RASD2","RASD family member 2"
183.117042726279,-0.974865309133735,0.283075551253032,-3.44383435735972,0.000573526957698201,0.0245008288701337,"ENSG00000173376.14","ENSG00000173376","NDNF","neuron derived neurotrophic factor"
4064.7309573226,0.645818776574332,0.188197216147061,3.43160642753439,0.00060001764472868,0.0255648678814742,"ENSG00000143878.10","ENSG00000143878","RHOB","ras homolog family member B"
1848.84829839615,0.594367718263226,0.17393222667378,3.41723744719256,0.00063260079007556,0.0268822041003688,"ENSG00000115641.19","ENSG00000115641","FHL2","four and a half LIM domains 2"
263.090269271919,-0.833051279192234,0.243903091295332,-3.41550111057644,0.000636647698520836,0.0269831680727414,"ENSG00000136040.9","ENSG00000136040","PLXNC1","plexin C1"
4267.85039689487,0.549483382323073,0.161083853271445,3.4111636341175,0.000646862584349971,0.0272729425902959,"ENSG00000187486.7","ENSG00000187486","KCNJ11","potassium inwardly rectifying channel subfamily J member 11"
503.158524836164,0.690271757147723,0.202336006696272,3.41151220891641,0.000646036081297093,0.0272729425902959,"ENSG00000110172.12","ENSG00000110172","CHORDC1","cysteine and histidine rich domain containing 1"
823.348369717977,0.619464567162384,0.181730281014671,3.40870307195736,0.000652724835677895,0.0274484391836631,"ENSG00000167601.12","ENSG00000167601","AXL","AXL receptor tyrosine kinase"
205.497110743689,-0.897598727284571,0.263607045470077,-3.40506349397426,0.000661486717177999,0.0276727655673325,"ENSG00000125848.10","ENSG00000125848","FLRT3","fibronectin leucine rich transmembrane protein 3"
39.7023708354656,1.80134272905216,0.528989020905609,3.40525541715087,0.000661021965306333,0.0276727655673325,"ENSG00000273812.3","ENSG00000273812",NA,NA
323.387979271827,-0.858630667085703,0.252489430228428,-3.40065984666723,0.000672234202802986,0.0280497103536502,"ENSG00000157240.4","ENSG00000157240","FZD1","frizzled class receptor 1"
45029.9533697345,0.545193375687203,0.160432480780199,3.39827304942163,0.000678127011655863,0.0282226674851002,"ENSG00000211459.2","ENSG00000211459",NA,NA
36.2388691387369,-1.65385874773059,0.487160761150538,-3.39489318438669,0.000686553804758765,0.0284999250366183,"ENSG00000198885.10","ENSG00000198885","ITPRIPL1","ITPRIP like 1"
393.169662228798,0.722188459421186,0.21294340916499,3.3914572057106,0.000695220191450836,0.0287856811578156,"ENSG00000235194.9","ENSG00000235194","PPP1R3E","protein phosphatase 1 regulatory subunit 3E"
471.024561067093,-0.695417815805438,0.205262140342173,-3.38794974390394,0.000704171655714875,0.0290817490958665,"ENSG00000159640.17","ENSG00000159640","ACE","angiotensin I converting enzyme"
219.477194012749,0.850585359661858,0.251715547196703,3.37915305246191,0.000727095171192049,0.0299518694500235,"ENSG00000266094.8","ENSG00000266094","RASSF5","Ras association domain family member 5"
79.6537393305713,-1.18244216096755,0.350175537449496,-3.37671263269808,0.000733576473243726,0.0301419666410679,"ENSG00000184811.4","ENSG00000184811","TRARG1","trafficking regulator of GLUT4 (SLC2A4) 1 (gene/pseudogene)"
211.145430376899,0.902934919522505,0.26844869076016,3.36352886268763,0.000769527891641779,0.0313796373591703,"ENSG00000204060.8","ENSG00000204060","FOXO6","forkhead box O6"
18.3582716777503,2.54862702617772,0.757415159879586,3.36490099641378,0.000765711288938423,0.0313796373591703,"ENSG00000262410.1","ENSG00000262410",NA,NA
73.4098329121672,-1.26195839545688,0.375163917255946,-3.36375204920344,0.000768905895925972,0.0313796373591703,"ENSG00000267423.1","ENSG00000267423",NA,NA
47.4503322154265,1.51784447175093,0.451642974749698,3.36071755038839,0.000777402807313356,0.0316209081423075,"ENSG00000233929.1","ENSG00000233929",NA,NA
36.6413937479257,-1.76984453429611,0.527742637995892,-3.35361292962251,0.000797638574406521,0.0322813726804925,"ENSG00000152270.9","ENSG00000152270","PDE3B","phosphodiesterase 3B"
11.9433387074555,-3.39154493492918,1.01111322507593,-3.35426819748549,0.000795751940419678,0.0322813726804925,"ENSG00000276409.5","ENSG00000276409","CCL14","C-C motif chemokine ligand 14"
73.5964169363023,1.2457875649847,0.37241530994289,3.34515668857904,0.000822360977138458,0.0330133173102527,"ENSG00000143479.18","ENSG00000143479","DYRK3","dual specificity tyrosine phosphorylation regulated kinase 3"
923.739251620732,-0.705504168973549,0.210842497225389,-3.34611939365986,0.000819511005039643,0.0330133173102527,"ENSG00000154556.20","ENSG00000154556","SORBS2","sorbin and SH3 domain containing 2"
1045.75182400878,-0.662053205558743,0.197944682792737,-3.3446374826444,0.000823901837752777,0.0330133173102527,"ENSG00000111799.22","ENSG00000111799","COL12A1","collagen type XII alpha 1 chain"
601.810368553014,-0.649182779563169,0.194023393708529,-3.34589951837664,0.000820161110631133,0.0330133173102527,"ENSG00000165124.19","ENSG00000165124","SVEP1","sushi, von Willebrand factor type A, EGF and pentraxin domain containing 1"
33.8889328654727,1.92338893696151,0.575253484706514,3.34355025757522,0.000827137103796969,0.0330609157230531,"ENSG00000231274.5","ENSG00000231274","SBK3","SH3 domain binding kinase family member 3"
354.642690254016,0.74608692227687,0.223237776050332,3.34211769834446,0.000831417980436058,0.0331180178975445,"ENSG00000001617.12","ENSG00000001617","SEMA3F","semaphorin 3F"
77.5195234167384,-1.19774832210677,0.358424760444144,-3.34170083736004,0.000832667529502295,0.0331180178975445,"ENSG00000113532.13","ENSG00000113532","ST8SIA4","ST8 alpha-N-acetyl-neuraminide alpha-2,8-sialyltransferase 4"
538.562912313307,-0.64526323642883,0.193612741267148,-3.33275192637499,0.000859915788705354,0.0341177399410665,"ENSG00000111145.8","ENSG00000111145","ELK3","ETS transcription factor ELK3"
100.173154706687,1.19415588680624,0.358547452132728,3.33053792378974,0.000866783555847504,0.034138587462989,"ENSG00000116741.8","ENSG00000116741","RGS2","regulator of G protein signaling 2"
734.511824983973,0.785709225050579,0.235853136748458,3.33134948248983,0.000864260242982105,0.034138587462989,"ENSG00000213719.8","ENSG00000213719","CLIC1","chloride intracellular channel 1"
420.827474632949,-0.734873371594495,0.220609276322697,-3.33110821015321,0.00086500969887006,0.034138587462989,"ENSG00000158352.18","ENSG00000158352","SHROOM4","shroom family member 4"
1185.14839945436,0.582150131118298,0.174861140268858,3.32921385633887,0.000870915038517807,0.0342178492505731,"ENSG00000171813.14","ENSG00000171813","PWWP2B","PWWP domain containing 2B"
68.99253768984,1.23973480804043,0.373091165685668,3.32287366215717,0.000890952560841365,0.0345843796934288,"ENSG00000184005.12","ENSG00000184005","ST6GALNAC3","ST6 N-acetylgalactosaminide alpha-2,6-sialyltransferase 3"
2404.26303797567,0.55062312815878,0.165624727552491,3.32452246893069,0.00088570096233491,0.0345843796934288,"ENSG00000164924.18","ENSG00000164924","YWHAZ","tyrosine 3-monooxygenase/tryptophan 5-monooxygenase activation protein zeta"
1529.30002179624,-0.589773693216815,0.177428434273589,-3.32400889198742,0.000887333666210144,0.0345843796934288,"ENSG00000174804.4","ENSG00000174804","FZD4","frizzled class receptor 4"
994.760214166821,0.636830547473712,0.191582303977489,3.32405725504032,0.000887179797125249,0.0345843796934288,"ENSG00000119669.5","ENSG00000119669","IRF2BPL","interferon regulatory factor 2 binding protein like"
1758.93234621278,0.563176468515617,0.169478416589811,3.3229981719659,0.000890554980561301,0.0345843796934288,"ENSG00000197063.11","ENSG00000197063","MAFG","MAF bZIP transcription factor G"
317.97450328423,0.76794260649266,0.231324859331425,3.31975823399251,0.000900954357721964,0.0348141055225057,"ENSG00000165572.8","ENSG00000165572","KBTBD6","kelch repeat and BTB domain containing 6"
7902.63574384067,0.549488417568948,0.16552413850948,3.31968752423065,0.000901182568021265,0.0348141055225057,"ENSG00000156381.9","ENSG00000156381","ANKRD9","ankyrin repeat domain 9"
29172.2724681673,0.52972520529276,0.159651102710275,3.31801782950459,0.000906586972985988,0.0349392993789445,"ENSG00000099875.16","ENSG00000099875","MKNK2","MAPK interacting serine/threonine kinase 2"
121.356107063131,-0.993803595925858,0.300103804995309,-3.31153280759433,0.000927863595129402,0.0355243536645632,"ENSG00000157404.17","ENSG00000157404","KIT","KIT proto-oncogene, receptor tyrosine kinase"
125.542297422899,-0.968626431386216,0.292504505306456,-3.31149234905421,0.000927997775359601,0.0355243536645632,"ENSG00000113361.13","ENSG00000113361","CDH6","cadherin 6"
56.8636710988122,-1.32085931458918,0.398884739461462,-3.31138091763673,0.000928367429182912,0.0355243536645632,"ENSG00000106688.12","ENSG00000106688","SLC1A1","solute carrier family 1 member 1"
18.7912428711455,2.46999854528063,0.746408315714679,3.30917876084436,0.000935700738367778,0.0357203203857278,"ENSG00000249138.1","ENSG00000249138",NA,NA
321.393545775922,0.727903002746906,0.220161170959284,3.30622788557717,0.00094561147544788,0.0359287861306644,"ENSG00000183655.13","ENSG00000183655","KLHL25","kelch like family member 25"
106.780590445321,1.28059155705813,0.38725570889225,3.30683713022923,0.000943557350168306,0.0359287861306644,"ENSG00000125144.14","ENSG00000125144","MT1G","metallothionein 1G"
3152.44013584062,-0.63587954513068,0.19246825649667,-3.3038151677842,0.000953786931605508,0.0361543459426426,"ENSG00000164951.16","ENSG00000164951","PDP1","pyruvate dehydrogenase phosphatase catalytic subunit 1"
11349.0733416053,0.525370004218941,0.159221176732611,3.29962392566175,0.000968144716983863,0.0366126484539939,"ENSG00000188176.12","ENSG00000188176","SMTNL2","smoothelin like 2"
386.311048611813,-0.689819157450959,0.209313017799785,-3.29563428353412,0.000981997596994053,0.0370497598043457,"ENSG00000163531.17","ENSG00000163531","NFASC","neurofascin"
220.583264115497,0.845018885074152,0.25653326987451,3.29399335020957,0.000987748352097196,0.0371798610481714,"ENSG00000198435.4","ENSG00000198435","NRARP","NOTCH regulated ankyrin repeat protein"
114.645645360033,0.986853595146868,0.299841706599907,3.29124859359099,0.000997437272350837,0.0373754605064963,"ENSG00000169299.14","ENSG00000169299","PGM2","phosphoglucomutase 2"
121.409501084894,-1.37671809390692,0.418301496284933,-3.29121006291869,0.000997573908737918,0.0373754605064963,"ENSG00000205609.13","ENSG00000205609","EIF3CL","eukaryotic translation initiation factor 3 subunit C like"
989.727616944254,-0.659401698757945,0.200586261159926,-3.28737220059259,0.00101127077961524,0.0377136271344732,"ENSG00000052795.13","ENSG00000052795","FNIP2","folliculin interacting protein 2"
12.5859745155456,3.18634183728777,0.969112777352442,3.28789580712439,0.00100939189070583,0.0377136271344732,"ENSG00000270069.3","ENSG00000270069",NA,NA
19.0657792365957,-2.54432780328483,0.774958149907898,-3.28318090930099,0.00102642772614604,0.0381906795433323,"ENSG00000174697.5","ENSG00000174697","LEP","leptin"
359.397151027912,0.698673548684076,0.213121618508412,3.27828567356952,0.00104439641333214,0.038769915591925,"ENSG00000123136.15","ENSG00000123136","DDX39A","DExD-box helicase 39A"
183.317526072229,0.857388440984612,0.261689544468257,3.27635726802457,0.00105155448728042,0.0389461051848719,"ENSG00000279484.2","ENSG00000279484",NA,NA
14.2762091395567,2.71958438233191,0.832418234472368,3.26708891000656,0.00108659549096019,0.0401518169062361,"ENSG00000197921.6","ENSG00000197921","HES5","hes family bHLH transcription factor 5"
2397.07911389547,-0.606579575267143,0.185944196279418,-3.26215922520989,0.00110567020535596,0.0407633846486027,"ENSG00000127334.11","ENSG00000127334","DYRK2","dual specificity tyrosine phosphorylation regulated kinase 2"
2271.57679839233,0.544705723199069,0.16723101413365,3.25720516628418,0.00112515076421029,0.0413870946252113,"ENSG00000183255.12","ENSG00000183255","PTTG1IP","PTTG1 interacting protein"
3093.52576972174,-0.746826491890125,0.229396750370264,-3.25561059903721,0.00113148818059834,0.041525616227959,"ENSG00000166147.15","ENSG00000166147","FBN1","fibrillin 1"
4945.55699131419,-0.554493314067189,0.17052653939867,-3.25165405937696,0.0011473557653313,0.042012473692902,"ENSG00000072274.14","ENSG00000072274","TFRC","transferrin receptor"
1059.97020055368,0.778639259226894,0.239660989585388,3.24891948653778,0.00115844261945978,0.0422380789511138,"ENSG00000156030.14","ENSG00000156030","MIDEAS","mitotic deacetylase associated SANT domain protein"
2970.32722121533,-0.585478878395294,0.180211424175557,-3.24884441191108,0.00115874838836657,0.0422380789511138,"ENSG00000088854.13","ENSG00000088854","DNAAF9","dynein axonemal assembly factor 9"
1543.27907325768,-0.719343365623322,0.221512695952645,-3.24741370931219,0.00116458972236518,0.0423553937764707,"ENSG00000047346.13","ENSG00000047346","ATOSA","atos homolog A"
62.2886313069483,1.28105552602232,0.395039793907268,3.24285184880144,0.00118339729071865,0.0428464113240464,"ENSG00000159166.15","ENSG00000159166","LAD1","ladinin 1"
1766.97510927887,-0.751087994883509,0.231597486200972,-3.24307490208137,0.00118247120306806,0.0428464113240464,"ENSG00000152818.20","ENSG00000152818","UTRN","utrophin"
138.691030432154,0.941633368303293,0.290587873065003,3.2404427561664,0.00119344231871561,0.0431134375002676,"ENSG00000059804.17","ENSG00000059804","SLC2A3","solute carrier family 2 member 3"
2180.29808226259,-0.538542935369669,0.166265671265001,-3.23905067878574,0.00119928262035631,0.0432277137355215,"ENSG00000125730.18","ENSG00000125730","C3","complement C3"
491.599548550765,-0.767677130943769,0.237164188928077,-3.2369015508348,0.0012083509061349,0.0434575733458049,"ENSG00000139209.16","ENSG00000139209","SLC38A4","solute carrier family 38 member 4"
1010.32139395213,0.572783819740225,0.177219396291899,3.23206055163843,0.00122901010064599,0.0441023446782921,"ENSG00000186111.11","ENSG00000186111","PIP5K1C","phosphatidylinositol-4-phosphate 5-kinase type 1 gamma"
88.9401618298685,1.06559209135103,0.329870878669032,3.23033089689668,0.00123647023941838,0.0442716661333216,"ENSG00000187266.14","ENSG00000187266","EPOR","erythropoietin receptor"
330.359433886865,-0.816380384374553,0.25282579342424,-3.2290233259732,0.00124213762908334,0.0443761912266322,"ENSG00000148541.13","ENSG00000148541","FAM13C","family with sequence similarity 13 member C"
3664.15471965957,-0.518821181058048,0.160758595398702,-3.22733089183383,0.00124950874522994,0.044421153558248,"ENSG00000049239.13","ENSG00000049239","H6PD","hexose-6-phosphate dehydrogenase/glucose 1-dehydrogenase"
1104.9574687721,0.570211211297804,0.176659321784026,3.22774482285692,0.00124770221545545,0.044421153558248,"ENSG00000189266.13","ENSG00000189266","PNRC2","proline rich nuclear receptor coactivator 2"
25541.0630588954,-0.571882036228925,0.17722657894773,-3.22684125385951,0.00125164880288598,0.044421153558248,"ENSG00000124942.14","ENSG00000124942","AHNAK","AHNAK nucleoprotein"
1025.30845528401,-0.735144962913365,0.227946904228816,-3.22507105503576,0.00125941406700002,0.0445987244603427,"ENSG00000127951.8","ENSG00000127951","FGL2","fibrinogen like 2"
1595.22565799814,0.629189436334639,0.195359896437948,3.22066835520917,0.00127892051132757,0.04519039040901,"ENSG00000183431.12","ENSG00000183431","SF3A3","splicing factor 3a subunit 3"
31.5730550845963,1.6795411609647,0.521778234387401,3.21887930594994,0.00128692640319584,0.0453739903030707,"ENSG00000225313.5","ENSG00000225313",NA,NA
440.329871677833,0.672876704663644,0.209318139278494,3.21461248883162,0.00130620724743554,0.04588978055818,"ENSG00000169641.15","ENSG00000169641","LUZP1","leucine zipper protein 1"
311.10715573462,-0.724215528805348,0.225304485474066,-3.21438575570973,0.00130723922818695,0.04588978055818,"ENSG00000117114.21","ENSG00000117114","ADGRL2","adhesion G protein-coupled receptor L2"
1162.0868447004,0.720413616732646,0.224287810574803,3.212005212795,0.00131811983589293,0.0461713646637724,"ENSG00000169885.10","ENSG00000169885","CALML6","calmodulin like 6"
1417.72609729906,0.55514833171531,0.173037959636049,3.20824594142785,0.00133547242022735,0.0465771244963957,"ENSG00000139370.12","ENSG00000139370","SLC15A4","solute carrier family 15 member 4"
497.72056162205,-0.748122712433553,0.23317494175381,-3.20841813792939,0.00133467298702866,0.0465771244963957,"ENSG00000221963.6","ENSG00000221963","APOL6","apolipoprotein L6"
631.4447007473,0.753357721362016,0.235057239527727,3.2049968887393,0.00135063940532854,0.047004579994063,"ENSG00000111859.17","ENSG00000111859","NEDD9","neural precursor cell expressed, developmentally down-regulated 9"
335.615810626568,-0.694384770349069,0.216918755508177,-3.20112831517187,0.00136890557206113,0.0475378218874047,"ENSG00000157554.20","ENSG00000157554","ERG","ETS transcription factor ERG"
243.650846238028,0.792494114663381,0.24769238853552,3.19950935654099,0.0013766171878194,0.047703035083493,"ENSG00000142634.13","ENSG00000142634","EFHD2","EF-hand domain family member D2"
51.7368885048072,-1.32652035373349,0.414704167254848,-3.19871479111108,0.00138041659555665,0.0477322637795478,"ENSG00000103044.11","ENSG00000103044","HAS3","hyaluronan synthase 3"
531.297440229881,0.687465559330863,0.214967995884913,3.19799027060246,0.00138388949375853,0.0477501015923348,"ENSG00000006652.15","ENSG00000006652","IFRD1","interferon related developmental regulator 1"
411.528613904333,-0.711210419836114,0.222620435420591,-3.19472207702965,0.00139965554608039,0.048088590974694,"ENSG00000164938.14","ENSG00000164938","TP53INP1","tumor protein p53 inducible nuclear protein 1"
592.052580128254,0.656587998805653,0.205521638259264,3.19473902780676,0.00139957334849267,0.048088590974694,"ENSG00000040633.13","ENSG00000040633","PHF23","PHD finger protein 23"
188.552067192767,0.799860245724267,0.250668555527344,3.19090778674477,0.00141826538694904,0.048624521164444,"ENSG00000176641.11","ENSG00000176641","RNF152","ring finger protein 152"
306.863560360922,-0.781129760670881,0.245005852029982,-3.18820858440268,0.00143157228168362,0.0489767567894643,"ENSG00000198879.13","ENSG00000198879","SFMBT2","Scm like with four mbt domains 2"
846.457884383586,0.712583830988681,0.223767053392568,3.18448949559411,0.00145009573717195,0.0494461139350013,"ENSG00000155366.17","ENSG00000155366","RHOC","ras homolog family member C"
615.528331050952,0.822630406030194,0.25834546865365,3.18422618487282,0.00145141553165659,0.0494461139350013,"ENSG00000049130.16","ENSG00000049130","KITLG","KIT ligand"
290.900663818381,0.716673569203118,0.22527973574324,3.1812606972335,0.00146635610940277,0.0496409191921087,"ENSG00000125347.15","ENSG00000125347","IRF1","interferon regulatory factor 1"
108.713892875593,1.02134758170138,0.320953395865216,3.18223017690174,0.00146145620108355,0.0496409191921087,"ENSG00000078237.7","ENSG00000078237","TIGAR","TP53 induced glycolysis regulatory phosphatase"
14.9152964536942,2.64342602355493,0.830910182808667,3.18136193086422,0.00146584375113974,0.0496409191921087,"ENSG00000141579.7","ENSG00000141579","ZNF750","zinc finger protein 750"
211.124739870887,-0.787444960200531,0.247666432681837,-3.17945775563424,0.0014755087489161,0.0498462662709148,"ENSG00000124440.16","ENSG00000124440","HIF3A","hypoxia inducible factor 3 subunit alpha"
233.621781438321,-0.804470908241848,0.253170876763437,-3.17758076492165,0.00148509320595774,0.0499610106037617,"ENSG00000112175.8","ENSG00000112175","BMP5","bone morphogenetic protein 5"
402.516275556357,0.664916309736407,0.209227828256148,3.17795350302247,0.00148318534489599,0.0499610106037617,"ENSG00000172716.17","ENSG00000172716","SLFN11","schlafen family member 11"
